ID,PotencialT,Desempe√±oT
1200003,2,1
1200303,3,2
1200541,2,1
1200556,3,1
1200569,2,2
1200584,2,2
1200601,2,1
1200692,2,1
1200702,2,1
1200724,2,1
1200778,2,1
1200815,1,1
1200833,3,1
1200907,2,1
1200927,2,2
1200928,3,1
1200938,2,2
1200946,2,2
1201005,2,1
1201022,3,2
1201026,2,3
1201031,3,1
1201060,3,1
1201109,3,1
1201111,3,1
1201232,3,1
1201243,2,2
1201276,3,1
1201450,3,2
1201454,3,1
1201580,2,1
1201657,1,1
1201667,3,1
1201709,2,1
1201720,2,1
1201733,2,1
1201750,2,2
1201755,2,2
1201761,3,1
1201783,2,1
1201884,3,2
1201886,3,1
1201935,2,1
1201947,2,2
1201949,2,2
1201966,3,1
1202067,2,1
1202439,3,2
1202459,2,1
1202499,3,1
1202566,1,2
1202613,2,1
1202643,2,1
1202744,3,2
1202917,2,2
1202919,2,2
1202928,1,1
1202933,3,1
1202943,3,1
1203107,3,3
1203331,3,1
1203672,2,2
1203753,2,1
1203766,3,1
1203769,2,2
1203804,2,3
1203860,3,1
1203872,3,2
1203873,2,2
1203903,2,1
1203948,2,2
1203962,2,1
1203975,3,1
1204025,2,2
1204040,2,1
1204049,2,1
1204050,3,1
1204053,2,1
1204056,3,2
1204059,2,1
1204093,2,1
1204120,2,1
1204130,3,2
1204136,3,1
1204140,2,2
1204220,2,2
1204226,2,2
1204249,2,1
1204263,3,1
1204316,2,2
1204321,3,1
1204361,2,2
1204378,2,1
1204414,2,2
1204415,2,2
1204427,2,1
1204437,2,1
1204438,2,1
1204452,2,2
1204462,3,1
1204473,2,1
1204480,3,2
1204529,2,2
1204545,3,1
1204721,3,2
1204722,2,2
1204723,2,2
1204908,2,2
1205024,2,2
1205086,2,2
1205349,2,1
1205411,3,1
1205416,2,2
1205423,1,1
1205535,2,1
1205681,2,3
1205716,2,2
1206048,2,3
1206090,3,1
1206091,3,1
1206125,2,2
1206204,2,2
1206218,3,2
1206250,2,3
1206452,2,2
1206559,2,1
1206566,3,1
1206645,2,1
1206877,2,3
1206884,2,2
1207026,2,1
1207037,2,2
1210003,3,2
1210016,3,1
1210035,2,2
1210113,3,1
1210122,2,2
1210152,3,1
1210154,2,2
1210159,3,1
1210335,2,1
1210461,3,2
1210540,2,2
1270012,1,1
1271034,3,1
1290216,3,2
1290220,2,1
1290253,2,2
1290265,2,1
1290267,3,1
1290268,2,2
1290277,3,2
1290282,2,2
1290314,2,1
1290347,3,1
1290361,2,3
1290377,2,1
1290378,2,2
10011776,2,2
10012493,2,2
10014763,3,3
10015196,2,1
10015209,2,3
10015232,3,2
10015243,3,3
10015273,2,2
10015304,2,3
10015371,2,2
10015716,2,2
10016021,2,1
10016092,2,3
10016519,2,1
10017036,2,2
10017042,2,3
10018893,2,1
10019649,2,2
10019754,2,1
10020113,3,1
10020223,2,1
10020837,2,2
10026180,3,1
10028015,3,1
10029315,3,1
10029640,2,1
10030718,3,1
10030809,3,2
10036139,2,2
10036184,2,1
10036226,2,2
10039632,3,2
10040799,3,2
10040932,3,2
10040934,2,1
10041212,2,2
10042924,2,2
10043154,2,2
10043549,3,1
10044230,2,3
10044233,2,2
10045494,2,3
10045556,3,1
10046807,2,3
10048889,1,2
10050175,2,2
10050899,1,2
10051510,2,1
10051512,2,2
10052303,2,2
10052849,3,1
10052994,2,2
10053341,3,1
10053504,2,2
10059982,2,2
10060187,2,2
10061926,2,1
10067235,2,2
10068138,1,2
10076035,2,1
10076048,3,2
10076267,3,1
10077143,2,2
10078093,2,2
10082346,1,1
10090436,2,2
10090973,2,2
10092833,2,2
10095126,3,2
10095189,2,2
10097878,2,2
10098011,3,2
10098020,2,2
10098168,2,2
10101481,2,3
10102160,1,1
10103773,2,2
10107744,3,2
10109192,2,2
10117901,2,3
10119837,2,1
10119945,3,2
10120173,3,3
10120437,2,1
10125167,2,2
10125388,2,1
10125468,2,2
10127354,2,3
10132433,2,2
10134681,2,2
10136219,2,2
10137051,2,1
10140347,2,1
10143902,2,2
10144556,1,1
10146951,2,2
10147495,2,2
10147560,3,2
10151224,2,2
10157505,2,1
10165247,2,2
10165714,2,1
10166200,2,2
10167396,3,3
10167413,3,2
10167774,3,2
10168139,2,1
10168513,2,2
10170383,2,1
10171259,3,1
10171714,1,2
10171716,3,2
10172134,2,3
10172226,3,2
10176660,2,3
10177788,2,2
10179685,3,2
10179763,2,3
10179797,2,2
10181764,3,2
10182474,2,2
10182480,3,2
10182486,2,2
10185601,2,2
10185612,3,1
10186693,3,2
10189106,2,2
10190749,2,2
10194103,2,2
10196461,2,2
10197186,1,2
10198561,3,2
10199717,3,1
10199723,2,2
10200432,2,2
10200780,2,2
10201019,3,2
10201453,2,2
10201875,2,1
10202594,3,1
10206402,2,1
10207549,2,1
10207919,2,1
10208315,3,2
10208442,2,1
10210270,2,3
10210369,2,2
10210657,2,2
10210658,2,2
10211073,2,2
10212341,2,2
10214300,2,2
10214372,1,1
10215211,3,2
10216369,2,2
10219341,2,2
10221716,2,3
10224092,2,2
10224381,3,2
10224708,2,2
10227011,2,2
10227020,2,2
10227026,2,2
10228201,2,2
10230049,2,1
10230051,2,1
10230058,2,1
10232132,2,2
10232350,2,2
10232359,3,2
10232979,2,2
10237219,2,1
10237521,2,2
10238353,3,2
10241235,2,2
10241599,3,2
10241617,2,2
10243042,3,2
10243213,3,2
10245774,2,2
10246083,2,1
10247571,3,2
10252867,2,2
10254169,2,2
10254277,2,2
10258820,3,2
10259366,2,2
10259728,3,1
10263422,2,2
10263523,3,2
10263592,2,1
10264355,2,1
10265109,2,2
10265255,3,1
10265384,2,1
10266636,1,1
10267627,2,2
10268540,2,2
10271462,3,1
10274413,2,2
10275363,2,1
10275368,2,1
10277566,2,2
10278637,3,2
10279144,3,2
10279224,3,2
10281117,3,2
10281702,2,1
10281714,1,1
10281812,3,2
10284385,2,2
10284987,1,1
10287236,3,3
10287262,2,2
10292903,2,2
10294489,2,2
10295259,2,3
10297713,2,1
10298739,3,3
10298996,2,2
10302251,2,2
10305338,2,2
10307166,2,2
10309582,2,1
10310413,2,1
10312257,3,1
10316001,2,2
10317672,2,3
10319286,2,2
10320034,2,1
10320171,2,1
10322719,3,3
10327609,2,3
10328687,2,3
10329458,2,2
10337962,2,2
10341094,2,2
10341147,3,1
10342157,3,1
10346602,2,3
10353294,2,2
10353618,2,2
10354284,2,3
10358270,2,2
10358749,2,2
10359014,2,1
10365034,2,1
10365660,2,2
10366477,2,2
10367000,2,1
10370793,2,1
10370804,2,1
10370947,2,1
10371149,3,1
10371155,2,2
10371157,2,2
10371162,2,1
10371166,3,2
10371325,3,2
10371931,3,2
10371945,2,1
10371983,2,2
10374389,2,1
10375214,3,1
10379913,2,2
10380253,2,2
10382143,2,1
10382330,2,2
10383500,1,1
10385400,2,2
10385659,2,3
10386005,2,2
10386260,3,2
10389555,2,2
10389980,2,3
10391359,2,2
10392134,2,2
10393267,2,2
10395742,2,2
10396456,3,1
10396469,2,2
10397646,2,2
10398043,3,2
10400727,3,3
10401452,2,2
10401710,2,1
10402967,2,2
10402973,1,2
10403887,2,2
10405413,2,1
10405435,2,2
10405731,3,2
10406162,2,3
10407216,2,1
10408803,3,2
10408867,2,1
10410467,2,2
10410696,2,1
10412097,2,2
10412102,2,1
10412118,2,1
10412964,2,3
10416796,2,2
10416982,2,1
10417232,2,3
10417336,2,3
10417510,3,2
10421289,2,1
10421761,2,2
10424596,3,2
10425684,2,2
10426337,2,2
10428016,3,2
10428923,2,2
10429301,2,2
10429797,2,2
10432170,2,1
10432747,2,2
10433311,2,3
10433358,3,2
10433736,2,2
10435409,2,1
10436015,2,2
10438149,3,2
10438521,2,3
10438764,3,2
10438792,3,1
10441341,2,2
10441371,2,2
10442410,2,1
10442546,2,2
10442561,2,2
10442925,2,3
10443864,2,2
10446128,2,2
10448491,2,2
10449503,2,2
10449577,2,2
10449905,2,2
10451515,3,1
10452572,3,1
10453155,2,2
10453165,2,1
10454882,2,2
10455625,2,2
10456520,2,2
10456534,2,1
10457619,2,2
10458118,2,2
10460064,2,1
10460768,2,3
10461070,2,3
10461078,3,1
10461335,2,3
10461358,3,1
10462066,3,2
10462137,2,1
10463455,3,1
10463687,2,2
10465820,2,1
10466116,2,2
10466135,3,2
10467214,3,2
10467969,2,2
10469557,2,1
10473316,2,1
10474037,1,2
10475069,3,2
10475115,2,2
10476000,1,1
10477048,3,2
10478193,3,1
10478560,3,3
10479005,2,2
10484770,2,2
10484844,2,2
10485244,3,2
10487840,2,2
10487879,2,3
10487907,2,2
10488526,1,1
10490145,2,2
10490472,3,1
10490929,3,2
10492373,2,2
10492686,2,2
10492687,2,2
10492985,2,1
10493033,2,1
10496028,2,2
10496029,2,2
10497333,2,1
10499176,3,2
10500051,2,2
10501871,3,2
10501873,3,3
10502191,2,1
10502564,3,2
10502571,2,1
10502573,1,1
10503036,2,2
10504058,3,3
10505387,2,1
10506846,2,1
10508553,2,2
10508929,2,2
10510598,3,2
10510599,2,2
10513136,2,1
10515135,2,3
10515139,1,2
10516186,2,2
10518420,2,2
10518768,2,2
10519210,2,2
10519216,2,3
10522749,3,2
10523105,2,3
10523417,2,2
10526215,2,1
10526579,2,2
10529445,2,2
10533038,2,2
10533045,2,2
10535981,2,2
10536835,3,1
10536836,3,2
10537108,2,3
10539289,3,3
10540044,3,2
10542686,2,1
10543195,2,2
10543626,3,2
10546115,1,2
10548809,3,2
10549095,2,2
10551678,3,2
10552185,3,3
10552495,2,2
10552513,2,1
10552733,2,2
10555610,2,2
10555857,1,1
10555858,2,1
10556768,3,2
10558462,3,3
10561009,2,2
10562914,3,2
10563065,2,2
10563355,2,2
10563359,3,2
10563360,3,3
10563362,3,3
10565588,2,1
10568406,2,2
10568428,2,2
10568438,2,3
10568461,3,1
10568521,3,1
10569792,3,2
10570511,1,1
10571389,2,1
10574601,2,3
10574735,2,3
10576580,2,1
10576760,2,2
10576763,2,2
10580176,3,1
10580592,2,1
10581045,3,2
10582235,2,1
10582292,3,3
10583739,2,2
10583745,2,2
10583764,2,2
10583974,3,3
10584053,2,2
10584455,2,2
10584462,1,1
10587473,3,1
10587555,2,2
10589677,3,3
10590032,2,2
10590177,2,2
10590722,2,2
10593062,2,2
10593767,2,1
10594741,3,2
10595747,2,2
10596033,2,3
10596064,2,1
10596545,3,2
10599055,2,1
10599307,2,2
10599331,3,1
10600016,3,2
10600601,2,2
10601531,2,2
10601627,2,2
10601630,2,1
10601781,2,2
10601966,2,3
10602258,2,3
10605231,2,2
10605450,2,2
10605469,2,2
10605594,3,2
10605618,3,2
10605621,2,2
10607766,2,2
10607788,2,1
10607790,2,2
10607801,2,2
10608760,2,2
10609214,2,2
10609234,2,1
10609920,3,2
10609942,2,1
10609944,3,2
10610712,2,1
10610878,3,2
10611202,3,1
10611529,2,2
10612686,2,2
10612753,2,1
10614486,2,2
10615008,2,2
10615482,3,2
10615970,2,3
10617154,2,3
10617914,2,2
10618084,2,3
10618216,2,2
10618256,1,1
10619018,2,2
10621029,2,2
10621386,1,1
10622623,2,3
10624360,2,1
10625000,2,2
10627651,2,2
10629797,2,3
10633095,3,2
10633098,2,2
10638488,3,2
10640794,2,2
10641554,2,3
10642179,2,2
10643442,2,2
10643443,2,2
10643451,1,1
10643466,2,3
10643516,2,2
10643566,2,3
10644788,2,3
10644886,2,2
10645094,2,1
10645120,2,2
10645137,2,2
10645741,2,1
10646787,2,2
10647913,2,2
10647916,2,1
10648160,2,2
10650863,1,1
10650920,2,1
10652068,2,2
10653719,2,2
10653722,2,2
10653723,3,2
10653860,3,2
10653863,3,1
10653870,2,1
10653882,2,2
10654780,2,2
10656580,2,1
10657035,2,1
10657124,2,3
10657316,2,1
10659915,3,1
10659924,2,3
10660009,2,1
10661419,2,1
10663331,2,3
10663334,2,2
10663338,2,3
10663344,3,3
10663971,2,2
10663977,2,2
10664830,2,2
10664833,2,1
10664836,3,1
10664844,2,1
10666855,2,2
10667598,2,2
10668188,2,1
10670282,2,2
10670499,2,1
10670566,2,3
10672739,2,2
10672917,2,2
10673178,2,2
10673450,2,3
10673451,2,2
10673458,2,3
10673459,2,3
10674129,2,2
10675892,2,2
10677075,2,2
10677077,2,1
10679118,2,1
10680349,2,2
10680608,2,2
10680644,1,1
10682947,2,1
10683778,2,1
10683824,2,1
10683827,2,2
10683831,2,2
10684137,2,2
10684142,2,3
10684146,2,2
10684150,2,2
10684151,3,2
10684789,2,1
10686050,2,2
10686832,2,2
10686866,2,1
10686880,2,2
10686884,2,2
10686919,2,2
10690779,2,2
10690815,2,2
10691743,2,1
10692521,2,1
10692644,2,2
10692646,2,2
10693166,2,1
10693179,3,2
10693186,3,2
10694027,3,2
10694029,2,1
10694030,3,1
10694531,2,2
10694533,3,2
10696760,2,2
10697035,2,2
10697214,2,1
10697216,3,2
10697418,2,3
10700611,2,3
10700623,2,2
10702819,1,2
10702820,2,2
10703417,2,3
10703420,3,2
10705318,3,2
10705555,2,2
10706281,2,2
10706285,3,3
10707078,2,1
10707201,2,1
10708480,2,1
10708680,2,1
10708684,2,2
10709691,2,2
10709803,2,2
10709811,2,2
10710187,2,1
10710613,2,1
10710617,1,1
10710631,2,2
10711171,2,2
10711824,2,2
10711862,1,1
10711895,2,1
10712651,2,1
10714861,2,3
10714869,2,1
10714870,2,1
10715022,2,1
10715121,2,3
10716794,2,1
10717719,2,3
10717743,2,2
10717899,2,1
10718589,1,1
10719043,2,2
10719954,2,2
10719955,2,1
10720045,2,2
10720054,2,1
10720360,2,2
10720687,2,1
10720689,2,1
10720690,2,2
10720691,3,2
10722357,2,2
10723255,3,2
10723296,2,2
10723306,2,2
10723472,3,2
10723966,2,1
10723992,2,3
10725176,2,3
10725711,2,2
10727148,2,2
10727153,3,2
10728834,2,2
10729190,2,1
10729489,3,1
10729811,2,2
10729813,2,2
10729817,2,2
10729822,2,2
10729829,2,2
10729843,2,2
10730187,2,1
10730191,2,3
10730250,2,2
10730754,2,1
10730802,2,2
10730850,2,2
10730854,2,1
10730941,2,1
10730981,2,2
10730988,2,2
10731219,3,2
10732996,2,3
10733020,2,1
10733245,3,1
10733297,2,2
10734177,2,1
10734184,2,1
10736732,2,3
10736803,2,1
10737096,3,2
10737097,2,2
10737104,2,1
10737106,2,2
10737107,2,3
10738398,2,1
10738447,3,2
10738753,2,1
10738758,2,2
10738762,2,2
10739473,2,2
10739478,1,1
10739479,2,1
10739480,2,1
10739484,2,1
10739824,2,2
10740390,3,2
10740405,2,2
10740424,2,2
10741077,2,3
10742917,2,2
10743451,2,1
10743470,3,2
10743473,2,3
10743791,2,2
10745663,2,2
10746681,2,2
10747127,2,1
10747505,2,2
10747509,2,1
10747510,2,2
10747515,3,2
10747516,2,3
10747520,3,2
10749550,2,1
10750129,2,2
10750131,3,2
10750133,2,2
10750503,2,3
10750505,2,3
10750507,2,3
10750510,3,2
10750511,2,1
10750534,2,2
10750537,2,2
10750884,2,2
10751195,2,3
10751196,2,2
10751197,3,2
10751205,3,3
10751208,3,2
10751211,2,2
10753591,2,2
10753593,2,2
10755255,2,3
10755258,2,2
10755261,2,2
10758456,2,2
10758469,2,1
10759376,2,2
10759390,2,3
10759467,1,1
10759486,2,2
10759491,3,2
10761248,3,2
10761249,2,2
10761420,3,2
10761544,2,2
10761847,3,3
10761851,3,3
10761859,2,2
10761861,2,2
10761862,2,1
10761865,2,1
10761869,1,1
10761870,2,3
10761880,2,2
10762051,2,2
10762057,3,2
10762197,2,2
10762725,2,2
10763817,2,1
10764145,2,2
10764367,2,2
10764375,2,3
10764380,2,3
10764382,2,2
10764391,3,2
10764395,2,2
10765301,2,3
10765302,3,3
10765305,2,3
10765308,2,2
10765310,3,2
10765315,2,3
10765319,2,3
10765323,3,3
10765620,2,3
10768941,2,2
10768947,2,2
10768963,2,3
10769263,1,1
10769294,3,2
10769372,2,1
10769373,2,2
10769374,1,1
10769377,2,2
10769378,3,2
10769586,1,1
10770295,2,2
10771463,2,2
10772227,2,2
10773179,2,2
10773479,3,1
10776277,2,1
10776363,2,3
10776366,2,1
10776367,2,2
10776368,2,2
10776386,2,2
10776398,2,1
10779211,3,2
10779214,3,3
10779215,3,2
10779219,2,2
10779225,2,1
10779226,3,2
10779227,2,3
10779230,3,2
10779610,2,1
10779666,1,1
10779670,2,2
10779731,2,1
10782836,2,2
10782972,2,1
10782977,3,2
10782979,2,1
10783064,3,2
10783080,2,1
10783089,2,2
10784304,2,3
10784307,2,2
10784317,2,2
10784628,2,2
10784631,2,2
10784632,2,2
10784774,2,2
10784779,2,3
10784817,2,3
10784819,2,1
10785148,2,3
10785150,2,2
10788060,2,1
10788430,2,2
10788434,2,1
10788558,2,1
10788585,2,2
10788651,2,2
10788977,2,2
10789222,1,2
10789224,2,2
10789230,2,1
10790909,2,2
10790948,2,2
10791056,2,2
10791099,2,2
10791105,2,2
10791106,2,1
10791112,2,2
10791673,2,1
10793033,2,3
10793038,2,3
10793708,2,1
10793724,2,2
10793949,3,2
10793953,3,1
10794999,2,1
10795000,2,2
10796513,2,2
10796518,3,3
10796523,2,2
10796661,2,3
10796670,2,2
10796675,1,2
10797794,2,1
10800303,2,3
10800320,2,2
10800321,2,3
10800355,2,2
10800514,3,2
10800522,2,2
10800547,3,2
10801226,2,1
10801261,2,2
10801264,2,2
10801745,2,3
10802109,2,2
10802367,2,1
10802377,1,1
10802683,2,2
10802726,2,2
10803460,2,2
10803462,2,1
10803463,2,3
10803637,2,2
10803643,3,2
10803644,2,2
10803809,2,2
10805354,1,1
10806844,2,2
10806857,3,2
10806867,2,2
10806918,2,2
10806925,2,2
10806928,2,2
10806929,2,3
10806933,2,2
10808810,2,1
10808815,2,1
10809283,2,1
10809287,3,1
10809291,2,1
10809292,2,1
10809299,2,1
10809301,2,1
10809314,2,1
10809319,2,3
10809529,2,1
10809619,2,2
10809747,2,2
10810330,3,2
10810331,1,1
10810350,2,2
10810355,2,2
10810362,2,3
10810371,2,2
10810376,2,2
10810378,2,2
10810383,3,2
10810401,2,2
10810402,2,1
10810403,2,2
10812161,2,3
10812860,2,1
10812862,2,3
10812867,2,2
10813191,2,1
10813192,2,2
10813193,2,2
10813200,2,1
10813215,2,2
10813216,3,3
10813222,2,2
10813223,2,1
10813225,2,2
10813228,3,2
10813244,2,2
10813245,2,2
10813256,2,1
10813257,2,1
10813261,2,1
10813265,2,3
10813271,2,2
10813712,2,2
10813713,2,2
10813724,2,1
10814009,2,2
10814011,2,2
10814016,2,2
10814026,2,2
10814028,2,2
10814031,2,2
10814283,2,2
10814286,2,2
10814287,2,2
10814927,1,1
10816169,2,2
10816172,2,2
10816357,2,2
10816405,2,1
10816426,2,2
10816492,2,2
10816495,2,3
10816496,2,2
10816497,2,3
10816504,2,2
10816505,2,2
10816506,3,3
10816815,2,2
10816817,3,1
10816820,3,2
10816828,2,1
10816829,3,2
10818897,2,3
10818898,2,1
10819516,2,3
10819520,2,2
10819525,2,2
10819530,2,2
10819534,3,3
10819535,2,2
10819537,2,1
10819546,2,2
10819547,2,2
10819550,2,2
10819552,2,1
10819881,2,3
10819885,2,2
10820269,1,2
10820337,2,1
10820340,2,3
10820343,1,1
10820351,2,2
10820618,2,2
10822488,2,2
10822706,2,2
10822707,2,1
10822709,2,1
10822977,2,2
10822981,2,3
10822984,2,1
10823001,3,2
10823005,2,2
10823006,2,2
10823224,2,3
10823228,2,3
10823230,2,3
10823232,2,2
10823234,2,1
10823235,2,2
10823239,2,2
10823267,2,2
10823617,2,2
10823620,2,2
10826365,2,3
10826367,2,2
10826369,2,1
10826374,3,2
10826378,2,1
10826379,3,2
10826382,2,2
10826407,2,2
10826795,2,2
10826816,2,3
10826817,2,2
10826819,2,1
10826828,2,2
10827773,2,3
10828166,3,2
10828169,2,1
10828171,2,2
10828175,2,2
10829463,2,3
10829800,2,1
10830087,2,3
10830494,2,3
10830498,2,1
10830501,3,2
10830505,2,2
10830506,2,3
10830521,1,2
10830752,2,2
10831595,2,1
10832071,2,3
10833904,2,2
10833906,2,1
10833913,2,2
10833964,3,2
10835209,2,1
10835210,2,3
10835211,2,2
10835216,2,2
10835218,2,1
10835220,2,3
10835226,2,3
10835481,2,1
10835487,2,3
10835489,2,2
10835490,3,3
10835491,2,2
10835793,2,3
10835798,2,1
10836774,2,2
10837069,2,3
10837456,2,2
10837471,2,1
10837765,2,2
10837782,2,2
10837783,2,2
10837786,2,3
10837791,2,3
10837792,3,3
10837793,3,3
10838888,2,2
10840735,2,2
10840736,2,2
10840737,2,2
10840745,3,1
10840755,2,3
10840985,2,2
10840988,2,2
10843339,2,2
10843340,2,2
10843341,3,2
10844588,2,1
10844589,2,3
10844836,2,2
10844837,3,3
10844841,2,3
10844849,3,2
10844851,2,3
10844872,1,2
10844874,2,2
10844875,3,3
10844881,2,2
10847016,2,2
10847289,2,2
10847658,2,2
10847660,2,3
10847717,3,2
10847727,2,2
10848084,2,2
10848094,3,2
10848697,2,1
10849718,2,2
10849723,2,1
10850043,2,2
10850947,1,1
10850948,2,2
10850961,2,2
10850965,2,2
10850969,2,2
10850973,2,2
10850975,2,2
10852405,2,2
10852408,2,3
10853359,2,1
10855409,2,1
10855661,2,1
10855914,2,1
10856116,3,2
10856120,2,2
10856135,2,1
10856685,2,1
10856708,3,2
10856710,2,3
10856875,2,2
10858051,2,3
10858319,2,1
10858818,2,3
10858819,2,2
10859104,3,2
10859164,3,2
10859922,2,3
10859923,3,2
10859924,2,2
10860278,3,2
10861594,2,1
10861597,2,1
10861852,2,2
10864561,2,2
10864563,2,2
10864564,2,1
10864567,2,2
10864883,2,1
10864884,2,2
10864887,2,2
10865991,2,1
10866179,2,1
10866414,3,3
10866418,2,1
10866424,3,2
10866643,2,2
10866890,2,1
10867420,2,2
10869253,1,1
10869255,2,2
10871736,3,2
10871737,2,2
10871741,2,1
10871742,2,2
10871744,2,2
10871749,3,3
10872317,2,1
10874354,2,2
10874809,2,2
10874810,2,2
10874813,3,2
10875136,2,1
10875138,2,2
10875139,2,2
10875615,2,1
10877038,2,1
10877045,2,2
10877060,2,1
10877520,2,2
10877521,3,2
10877711,2,1
10878925,2,2
10879648,2,2
10879650,2,2
10879651,2,2
10880005,2,2
10880019,1,1
10880026,2,1
10880029,2,2
10880033,2,2
10880035,3,2
10880044,3,2
10880048,2,1
10880056,2,3
10880067,2,1
10880071,2,2
10880312,3,2
10882886,2,2
10882889,2,1
10883213,2,2
10883216,2,2
10883217,2,2
10883219,2,1
10883834,1,2
10886041,2,1
10886042,2,2
10886721,2,3
10886728,2,2
10886729,2,1
10886732,2,1
10887978,2,3
10888516,2,1
10888542,3,3
10888553,3,3
10889145,3,2
10889153,2,1
10889154,2,1
10889847,2,2
10891779,3,2
10892066,3,2
10892069,2,2
10892076,2,2
10892082,2,2
10892747,2,2
10894524,2,1
10894770,2,2
10894771,2,1
10894777,2,1
10894778,2,2
10894783,2,3
10895101,2,2
10895995,2,1
10898667,2,3
10898672,2,1
10898674,2,1
10898677,3,2
10898681,2,2
10898685,2,2
10898688,1,1
10898690,2,1
10898692,1,1
10898694,2,1
10899064,2,3
10899067,2,3
10899078,2,2
10899093,2,2
10899115,2,1
10901042,2,2
10902602,2,3
10902607,2,3
10903311,2,3
10903312,2,2
10903313,1,1
10903314,2,2
10903316,2,2
10903319,2,1
10903321,2,2
10903322,2,1
10903328,2,2
10903331,2,2
10905879,2,1
10906512,2,3
10906514,2,2
10906517,2,2
10906526,2,2
10906527,2,1
10906528,2,2
10906531,2,3
10906537,2,3
10908622,2,1
10909644,2,3
10910305,2,2
10910311,2,1
10910313,2,2
10910314,2,2
10910315,2,3
10910316,3,2
10910322,2,3
10910325,2,2
10910329,1,1
10910334,2,2
10910337,2,3
10912240,2,2
10913904,2,2
10913906,2,2
10913908,2,2
10913910,2,2
10913917,3,3
10913918,3,2
10913920,3,3
10913921,3,3
10913922,3,3
10913924,3,2
10913926,2,2
10913927,2,2
10913930,3,3
10913933,2,3
10913953,2,2
10914398,2,2
10914399,3,2
10914400,2,1
10914405,2,2
10914406,2,1
10914421,2,2
10917033,2,1
10917722,2,2
10917723,3,2
10917731,2,2
10917733,2,2
10917759,2,2
10917775,2,2
10917789,2,2
10918826,2,2
10920390,2,2
10921698,3,3
10921701,2,3
10921703,2,1
10921714,2,1
10921718,2,1
10921777,2,2
10921778,2,2
10922495,1,1
10922496,2,2
10922497,1,1
10922504,2,2
10922505,2,1
10923137,2,2
10924311,2,2
10924350,2,2
10924859,2,2
10924860,2,3
10924862,2,2
10924864,2,2
10924868,2,1
10925127,3,2
10928232,2,1
10928236,2,1
10928256,2,2
10928259,2,2
10928282,2,2
10928284,2,3
10928288,2,1
10928293,1,2
10928299,2,3
10928308,2,2
10928310,2,2
10928315,2,2
10931896,2,1
10933782,2,2
10933790,2,2
10933802,2,2
10933806,2,2
10933810,2,2
10933822,2,3
10933823,2,3
10933824,2,3
10933825,2,1
10933826,2,2
10933829,2,2
10933830,2,2
10933832,2,1
10933834,2,2
10933838,2,2
10933839,1,1
10933840,2,2
10933843,2,2
10935399,2,1
10937400,2,2
10937962,3,2
10937964,2,2
10937966,2,2
10937968,2,3
10937973,2,1
10937979,2,3
10937981,3,2
10938100,2,2
10940746,2,2
10940749,2,2
10940760,2,2
10941425,2,1
10941426,2,3
10941430,2,1
10941433,2,2
10941438,1,1
10947399,2,1
10947403,2,2
10947410,2,3
10947412,2,1
10947990,2,1
10947998,2,3
10948003,2,2
10948005,2,2
10948006,2,1
10948008,2,1
10948009,2,2
10950478,2,2
10951376,2,2
10951379,2,3
10951385,2,2
10952442,2,2
10952447,2,2
10952452,2,1
10952454,2,1
10952456,2,2
10956581,2,3
10956584,2,2
10956587,2,2
10956595,2,1
10956598,2,1
10956603,3,2
10956607,2,1
10956610,2,2
10956611,1,1
10956613,2,1
10956614,2,3
10956615,2,1
10956616,2,2
10956943,2,2
10956948,2,2
10957653,2,1
10958205,2,2
10960555,2,2
10960561,3,2
10960563,2,2
10960986,2,2
10960987,2,3
10960989,2,1
10960991,2,3
10960997,2,3
10960998,2,2
10960999,2,2
10961001,2,2
10961003,2,3
10961007,2,2
10961011,2,3
10961013,2,1
10961019,1,2
10961024,2,2
10961032,2,2
10961033,2,1
10961034,2,1
10961357,2,2
10961780,2,1
10964166,2,2
10964167,2,2
10964168,2,1
10964169,2,1
10964851,2,3
10964855,2,2
10964863,2,2
10964864,2,2
10964868,2,2
10964869,2,2
10964871,2,2
10964872,1,1
10964873,2,3
10964874,2,2
10968902,2,1
10968910,3,2
10968920,2,2
10968935,2,1
10968939,2,2
10969700,2,2
10969705,2,2
10969707,2,1
10969709,3,2
10969710,2,3
10969711,2,2
10969712,2,1
10969720,1,1
10969722,2,2
10973757,2,2
10973758,2,2
10973760,2,2
10973761,2,3
10973762,2,3
10973765,2,2
10974368,2,2
10975037,2,2
10975040,2,2
10975041,2,1
10975044,2,2
10976521,2,2
10977932,2,1
10977934,2,2
10977938,2,2
10977952,3,3
10979222,2,2
10979225,2,1
10979239,2,1
10979240,2,3
10979244,2,2
10980908,2,1
10980996,2,2
10981641,2,1
10981642,2,2
10981643,2,2
10981644,2,2
10981646,2,2
10981648,2,2
10982361,2,2
10982366,1,1
10982367,2,2
10982371,2,2
10982374,2,2
10984169,2,2
10984171,2,3
10985526,2,2
10985527,2,2
10985528,2,2
10985530,2,2
10985814,2,1
10985817,2,3
10985818,2,2
10985819,1,1
10985823,2,2
10985824,2,2
10985825,2,2
10985826,2,2
10985831,2,1
10986714,3,2
10990148,2,2
10990151,2,3
10990152,2,3
10990154,2,2
10990155,2,2
10990393,1,1
10990395,2,1
10990414,2,3
10990415,2,1
10990454,2,2
10990455,1,1
10991459,2,2
10991460,2,2
10991465,2,3
10991467,2,3
10991802,3,2
10993873,2,2
10993880,2,2
10994899,2,1
10994901,2,2
10994904,2,2
10994911,2,2
10994923,2,2
10994930,2,2
10994931,2,2
10994935,2,2
10994938,2,2
10994939,2,2
10994941,1,1
10996590,2,2
10998622,2,2
10998646,2,3
10998649,2,1
10998651,1,1
10998653,2,2
10998681,2,2
10998693,2,1
10998696,2,2
10998700,2,3
10998701,2,2
10999307,2,2
11000461,3,3
11000731,2,2
11001764,1,1
11001766,2,2
11001777,2,3
11001782,2,2
11001784,2,1
11001785,2,1
11001786,2,2
11001788,2,2
11001814,2,2
11001816,2,3
11001817,2,1
11004270,2,1
11004895,2,2
11004898,2,3
11004900,2,2
11004904,2,1
11004907,2,1
11004909,2,2
11004910,2,2
11005794,2,2
11008456,2,2
11008800,2,1
11008803,2,3
11008806,3,2
11008807,2,3
11008808,2,2
11009544,2,2
11009861,2,3
11009862,2,2
11009863,2,2
11011346,2,3
11011348,2,3
11011349,2,3
11011963,2,2
11011965,2,1
11011967,2,2
11011968,2,2
11011969,2,3
11011970,1,1
11011974,2,2
11013558,2,2
11014958,2,3
11014959,2,2
11014963,2,1
11017599,2,2
11017942,2,2
11017945,1,2
11017947,2,2
11017948,2,3
11017950,2,2
11017953,2,2
11018416,1,1
11018417,2,2
11020004,2,2
11020007,2,3
11020008,2,2
11020010,2,2
11020011,1,2
11020300,2,3
11020311,2,1
11020314,3,2
11020315,3,2
11020316,2,1
11020961,2,1
11020971,2,2
11021507,2,2
11021508,2,3
11021510,2,1
11021890,2,2
11021901,2,3
11021907,1,2
11021915,2,2
11021933,2,2
11021944,2,3
11022471,2,2
11022477,2,2
11026026,1,1
11026208,2,1
11026221,2,1
11026537,2,2
11026767,2,2
11027212,2,2
11027724,2,2
11028448,2,2
11028755,2,1
11028962,2,1
11029119,2,1
11030038,2,2
11030134,1,1
11030183,2,1
11030227,1,1
11030379,2,1
11030383,1,2
11030397,2,2
11030414,2,2
11030467,2,1
11030535,2,1
11030538,1,1
11030545,2,1
11030735,1,1
11030790,2,3
11030984,2,2
11032134,2,2
11032642,1,2
11032875,2,2
11033191,2,2
11033219,2,1
11033458,2,2
11033465,1,1
11033477,2,2
11033620,2,1
11033665,2,2
11033801,2,2
11035157,2,1
11038606,2,2
11039026,1,1
11041092,2,2
11042359,1,1
11042370,2,2
11045222,2,3
11045544,2,1
11045623,2,1
11047175,2,2
11048130,2,1
11049369,2,1
11053005,2,1
11060205,2,2
11063496,2,3
