ID,indice
10341094,4.146049537
1204049,4.111565177
1200303,4.109338987
10165247,4.106925065
10835490,4.095339115
10828166,4.09282724
10140347,4.084963191
10969710,4.079884453
1202744,4.075053338
10501871,4.07303506
10969712,4.071904214
1202744,4.066727905
1210122,4.065266193
10828166,4.062701567
1205411,4.060959903
10107744,4.059527187
10322719,4.059510447
10610878,4.057258741
10779214,4.056729428
10880056,4.055431124
10985824,4.053064774
10501873,4.052330194
10859164,4.052032608
10761248,4.051141829
1203872,4.049746925
10736732,4.048599407
10202594,4.048179814
10053504,4.047894695
11009862,4.043602795
10835220,4.043560025
10120173,4.042437893
10670499,4.041844037
10844589,4.041708812
10723472,4.040607328
1201022,4.038529791
10828166,4.037866771
10828166,4.037866771
10879650,4.037866771
10917731,4.037866771
10980996,4.037866771
10980996,4.037866771
11033477,4.036941906
10924859,4.036791074
10543195,4.035772242
10581045,4.035148505
10796518,4.035142474
1206250,4.034915696
10640794,4.034894201
10053504,4.034195012
10098011,4.033315021
10779230,4.032922659
11001777,4.02935497
10819881,4.029197512
10849723,4.029155146
10508553,4.026947447
10818897,4.024106915
10298739,4.020175313
10981644,4.018346527
10793708,4.017617525
10764395,4.016336129
10393267,4.015281373
10563360,4.012849395
10759491,4.009937694
10019754,4.009104891
10751205,4.008790654
11011346,4.006906382
10923137,4.006478164
10443864,4.006475778
10015243,4.005621808
10438149,4.00453847
10877521,4.003124894
10617154,4.00304366
10819525,4.003013455
10840735,4.000564705
10835226,3.999940001
10991802,3.999850371
10835210,3.999192385
10438792,3.998384142
10788558,3.997653311
10828169,3.997521661
10563359,3.996676961
10933834,3.994521766
10836774,3.994352777
11022471,3.994287862
10889145,3.991386246
1290268,3.990839164
10765620,3.990271477
10750510,3.989968779
10765323,3.988112659
1205411,3.985607002
10750510,3.983683142
11030414,3.98348538
10653723,3.983076495
10727153,3.982469003
10830506,3.982022342
1201031,3.980200159
10840735,3.979569217
10684146,3.979260447
10960997,3.978477796
10880029,3.978414229
10750503,3.978278059
10618216,3.978270509
10819525,3.977843022
10952456,3.9770039
1206877,3.976471431
10743473,3.973588478
10327609,3.973286132
1290216,3.972640021
10998700,3.971828204
10659924,3.967585648
1203331,3.967344401
10462066,3.96661181
10657124,3.966578846
10029640,3.965661014
10737107,3.96547811
10813245,3.964110499
10181764,3.963022893
10910334,3.961421345
10563362,3.961412508
10563362,3.961412508
1206877,3.961326957
10733297,3.961234536
10593767,3.960570208
10683831,3.95697178
10210270,3.955636458
10508553,3.955390489
1201884,3.954658904
10644788,3.954262881
10216369,3.9526737
10828169,3.951035445
10964166,3.950408271
10844589,3.950054041
10941433,3.949614265
10998622,3.949258252
10810401,3.949209764
10587555,3.946687215
1204040,3.946513287
10474037,3.946132826
10837793,3.946066452
10806857,3.945823181
10602258,3.945814271
1203107,3.944477861
10267627,3.944462865
10215211,3.944365678
10737107,3.941738078
1200569,3.937109173
10837456,3.936643861
10921718,3.936496286
10779219,3.936235428
10653722,3.935528012
10800547,3.934798018
10583745,3.933597157
10773479,3.933227053
10271462,3.933196023
10020113,3.932394226
10866424,3.932304194
10405435,3.932220982
10502191,3.9318687
10860278,3.931579167
10596064,3.930274319
10956581,3.929629978
10654780,3.92657198
10043549,3.92640868
10913917,3.925425582
10973761,3.925128151
10198561,3.922482721
11020004,3.922389676
10467214,3.921683565
10810403,3.919576778
10750507,3.91807241
10810330,3.917744277
10466116,3.917546473
10583974,3.917515457
10166200,3.917051876
10764382,3.916254936
10463455,3.914968446
10670499,3.913499382
10200432,3.912803571
10899067,3.91236234
10990151,3.912145592
10843341,3.912127051
1203873,3.911784047
1271034,3.911444046
10914399,3.910563985
10400727,3.910309238
10067235,3.910158561
10694029,3.908330541
10914399,3.90792974
10200432,3.904953629
10132433,3.904935066
1201580,3.90448386
10765302,3.904068502
10568406,3.903791866
10729489,3.90368452
10886732,3.90295201
10540044,3.902370513
1201886,3.902359335
10977932,3.902130526
10537108,3.901984959
10287236,3.901921325
10960986,3.901488833
10717719,3.901086989
10723306,3.900855733
10979225,3.900216446
10028015,3.899069253
10552495,3.89847524
10727153,3.898372662
10789224,3.897125118
10694029,3.896599529
10986714,3.896111917
11009861,3.895918354
1201276,3.895203806
10779226,3.895041897
1204438,3.894791209
10969709,3.894677983
10568438,3.894467552
10806929,3.894460423
10977952,3.894152558
10647916,3.893339614
1205416,3.89248954
10865991,3.891898654
10601966,3.891615057
10838888,3.88990926
10801226,3.889594486
10717719,3.889593474
10880312,3.889174472
10461078,3.889050886
10562914,3.888452891
10793949,3.887904361
10456534,3.886301124
10185612,3.885939507
10812860,3.8856198
10908622,3.88545631
10961007,3.885085005
10693179,3.884840769
10784817,3.883623276
10858818,3.882727233
10703417,3.882056662
10906537,3.88116548
10723306,3.880617525
10892076,3.880103746
10051512,3.879791444
10768963,3.878600685
10948009,3.876727318
10810330,3.87670608
10442925,3.876689565
10647913,3.876404749
10684142,3.875951509
10964851,3.87331044
10813216,3.873299568
1204414,3.873101194
10961011,3.872227416
10208315,3.871645277
10568461,3.871412978
10788558,3.870804509
10751195,3.870726885
10889153,3.870684332
10552495,3.869811433
10709691,3.866911351
10826817,3.866596592
10723255,3.866151664
10985817,3.862649684
1206091,3.861764139
10371166,3.86096685
10814283,3.859490973
10216369,3.859178741
10937981,3.857767736
1201966,3.856922164
1290220,3.85677799
10730850,3.856501334
10975037,3.855420313
10818897,3.855320207
10886732,3.855175952
1202933,3.854403294
10181764,3.852747005
10243042,3.852366488
10673459,3.850710977
10759486,3.850679625
10810371,3.850193809
10961011,3.850066915
10826374,3.849520438
10982367,3.849280072
10281812,3.849190171
10725176,3.849123135
10810355,3.848075912
1200938,3.84696726
10714861,3.846761325
10864887,3.846664859
10985825,3.845945518
10837471,3.845394443
10762057,3.845310903
10551678,3.845284386
10795000,3.844732475
10981643,3.841930206
10265255,3.841763175
1207037,3.841567465
10835209,3.8385064
10913910,3.837805168
10956614,3.837347913
10633095,3.837212656
10612686,3.836709284
10850965,3.835984256
10853359,3.83598364
10186693,3.835840859
10961011,3.833943727
10190749,3.833146913
10219341,3.83185453
10964167,3.831793531
10899064,3.830919403
10747516,3.829714294
10499176,3.828559288
10615482,3.827728427
10605618,3.827438941
11004909,3.827356006
10014763,3.827293985
10737096,3.826535652
1210461,3.8256491
10523105,3.825416847
10984171,3.824618101
10171716,3.824324818
10461070,3.823328606
10076267,3.82252558
10913930,3.822313056
10417232,3.822064167
10761859,3.8220379
10779215,3.821611379
10933824,3.820703001
10609944,3.820542024
10708680,3.820498463
1271034,3.819539812
10800303,3.819395256
10910313,3.819248508
10761859,3.818565461
10940749,3.81797424
10385400,3.817882805
10880035,3.817594344
10832071,3.815196934
10548809,3.815008088
10475069,3.813686961
10568521,3.812953332
10694030,3.811895627
10190749,3.811260181
10605594,3.810094601
10925127,3.810002508
10337962,3.809753322
10449905,3.808536497
10060187,3.808250593
10796513,3.808235746
10788585,3.807795251
10879651,3.807730974
10230049,3.806822849
10790909,3.805329622
10490472,3.80505558
10928259,3.804477827
10835481,3.804429932
10596545,3.803962514
10548809,3.803740757
10036226,3.803366947
10765310,3.802761323
10951379,3.802436401
10859104,3.801657228
10407216,3.801082601
1205416,3.800512659
10951385,3.800397067
10819534,3.799790642
10453155,3.799620637
10874810,3.798106741
10796670,3.797684078
10991467,3.797228153
10730850,3.795070629
10864884,3.793670004
10812862,3.792385095
10092833,3.791882144
10172134,3.789950535
10886041,3.789846329
10232132,3.789073935
10365034,3.788249292
10015371,3.788186844
10200780,3.786442389
10569792,3.784246765
10895101,3.783771465
10800355,3.782735784
10397646,3.782386255
10887978,3.781624688
10053341,3.781140188
10167413,3.780662319
10747516,3.780581704
10960561,3.779827775
10968939,3.777577588
1290377,3.777406074
10319286,3.777306629
10551678,3.776448402
10473316,3.776343238
10263523,3.776279432
10448491,3.775413307
10785150,3.775028955
10574735,3.774322069
10697216,3.774299375
10964874,3.773994511
11063496,3.773977918
10913930,3.773676113
10906531,3.773422768
10660009,3.77309698
10700623,3.772994468
10329458,3.772812727
10723296,3.772308394
10610712,3.771870097
11004900,3.770536982
10816497,3.769510437
10788977,3.769425924
10755261,3.768782722
10928315,3.766493222
10405731,3.76641104
10117901,3.766319633
10761851,3.765903231
10874810,3.765590646
10994904,3.765425042
10723296,3.764724683
10874354,3.763918977
10396456,3.763504274
10826819,3.762547761
10711824,3.762478859
10933802,3.762454665
10403887,3.761789419
11011348,3.761518556
10408803,3.761476718
10850961,3.761050149
10601627,3.760372548
10504058,3.759051209
10823228,3.758375874
10960991,3.756198995
10913933,3.755146464
10478560,3.755078302
10552185,3.754314945
11021944,3.753876732
10238353,3.7536958
10663338,3.75326575
10813222,3.752778514
10981646,3.751734846
1210003,3.750729372
10679118,3.750038056
10982374,3.749765635
10241599,3.74957217
10653882,3.749227636
10928284,3.748827161
10739824,3.748171222
10438521,3.747038422
1210113,3.746981764
10461070,3.746585943
10852408,3.74653084
11008806,3.74563865
10849718,3.744701679
10941430,3.744283545
10050175,3.743660962
10305338,3.742623752
10327609,3.740963452
10796661,3.738791374
1210461,3.738216463
10883217,3.737511293
11001817,3.737389593
11030397,3.735550258
10779211,3.73540159
10611529,3.733584328
10762725,3.733424261
11020007,3.733041416
10582292,3.731500162
10516186,3.731487721
10729822,3.729619493
10837792,3.729382327
1203860,3.728648723
10210658,3.727891802
10764391,3.727361008
10690815,3.727290763
10548809,3.727180084
10886721,3.72708204
10802726,3.72655703
10913920,3.726445919
10830498,3.725867459
10596033,3.725384521
10697216,3.72535742
10751208,3.724605693
11000461,3.7243828
10826365,3.723845598
10232359,3.723675509
10722357,3.723142475
10759376,3.722910156
1206048,3.722448661
10424596,3.721880427
10883217,3.721151958
10984169,3.720152761
10914421,3.720107406
10898677,3.716200017
1200601,3.715391219
10341147,3.713242541
10844836,3.713200597
10119945,3.712188884
10975040,3.711634226
10802683,3.71156158
10816169,3.711126676
10886042,3.711070958
10803463,3.709443264
10856710,3.708696516
10221716,3.708546333
10801226,3.708537083
11020314,3.708381429
10843340,3.7069347
10816492,3.706799953
10816172,3.706757939
10973758,3.706484791
1204263,3.705793716
1200601,3.705230808
10802683,3.704996152
10880005,3.704679061
10826382,3.704449731
10092833,3.704092328
1201232,3.703856762
1210159,3.703740578
10132433,3.703616418
10758456,3.702775038
10172134,3.700596608
1201750,3.700468835
10510598,3.700307187
10856875,3.700190837
10519216,3.699771232
10990454,3.698871681
10221716,3.69882408
1206218,3.698193622
10903322,3.697590056
1201111,3.696866392
10960987,3.696788869
10659915,3.695406161
10516186,3.695068937
10813712,3.694817454
11026026,3.694793237
10428923,3.693519214
10425684,3.692853674
10341147,3.692822874
10281117,3.692568777
10850948,3.69211278
10819520,3.691635224
10020837,3.691226487
10020837,3.691226487
10933838,3.691138326
10208442,3.690461048
10924860,3.690196151
10109192,3.690041228
10788651,3.689989699
10914421,3.688877797
10812161,3.688452687
10643516,3.688449103
11011963,3.688085081
10337962,3.687802001
10913933,3.685981903
10670282,3.685730707
10147560,3.685347637
1203753,3.685251789
10706281,3.684504642
10478193,3.684361312
10886721,3.684173075
10375214,3.683731945
10771463,3.683675537
10789230,3.682589377
10903316,3.681575789
10275368,3.681021376
10803644,3.679874658
10785148,3.679590472
10210657,3.679090266
10076048,3.678892078
10985526,3.678821903
10708480,3.678651702
1210016,3.678648054
10808810,3.677943742
1290265,3.676982729
10761847,3.676695318
10510598,3.675330889
10928310,3.675197178
10729843,3.673627681
10785150,3.672986538
10618084,3.671977392
10741077,3.671312818
1201783,3.671200066
10474037,3.670606387
10015716,3.670373282
10622623,3.669355257
10644886,3.669301838
10684789,3.669251043
10937964,3.669089067
10182474,3.668963237
10813228,3.667320311
10806867,3.666389294
1202439,3.665833575
10563065,3.665714857
10177788,3.66544946
10913921,3.664635451
10813257,3.664434651
10715121,3.664391342
10855409,3.664284525
10693186,3.664159144
10417510,3.66406763
10933826,3.663810054
10060187,3.663599587
10442546,3.663472614
10914405,3.663354804
10663971,3.663244722
11013558,3.6625395
10921777,3.66253691
10894783,3.662298872
10776386,3.661504771
10359014,3.661249789
10046807,3.660668244
10451515,3.659516777
10823620,3.659339002
10421761,3.656897557
10779670,3.656701026
10891779,3.656313399
10903311,3.656115779
10806925,3.656081438
10583745,3.655718449
10177788,3.65550203
10827773,3.654989476
10956603,3.654803857
1200003,3.654757206
10784628,3.653937751
10371149,3.653605049
10466135,3.653284763
10172226,3.653155527
10518768,3.65229544
10998681,3.652242893
10029640,3.651396603
10730941,3.650551242
1200928,3.650473783
1201667,3.650385843
10996590,3.65007282
10784317,3.649865116
10835216,3.649136597
10421289,3.648104858
10933843,3.647751247
10964864,3.64773388
10814287,3.647693735
10837791,3.647184054
10750129,3.646273757
10556768,3.646057324
10975040,3.644100775
11021915,3.643063607
10751196,3.641955228
10816357,3.641869272
10645120,3.641790071
1204721,3.640949832
10243042,3.640618162
10969711,3.64032111
10964864,3.639784455
10823620,3.639549321
10042924,3.639375209
1290361,3.638488921
10810378,3.638421494
10964855,3.637724817
10818898,3.637014567
10015232,3.636554746
10487879,3.636118919
10052303,3.635727591
10906512,3.635330766
10433311,3.634650076
10933829,3.634010645
10182480,3.633961375
10201019,3.633854494
10738762,3.632775984
10784774,3.632598719
10492687,3.632405963
1204130,3.632267087
10737106,3.631465781
10428016,3.630747262
10179763,3.630501442
1290347,3.630498924
10901042,3.630108103
11026221,3.630038559
10119945,3.629862766
10487840,3.629804755
10738447,3.628729103
10999307,3.628193232
10496028,3.62606372
10600601,3.625839396
10747515,3.625597433
10991465,3.624965953
11032134,3.623903304
10599331,3.622590083
10910325,3.622368103
10910325,3.622368103
10605450,3.622156554
10224381,3.621964327
10740424,3.620336493
10477048,3.619615731
10823239,3.619107381
10199717,3.61889051
10412097,3.617927623
10819885,3.616852145
1200946,3.61670984
10694027,3.616498507
10961034,3.615730204
10810383,3.615678944
10910314,3.615674847
10016092,3.615010776
10843339,3.614940706
10961003,3.61432224
10823001,3.614303411
10940746,3.614095703
10790948,3.614072796
10910337,3.613618365
10449503,3.613436512
10762197,3.613318975
10809747,3.6131184
10358270,3.611607415
11021508,3.611584067
10913904,3.611148191
10761544,3.611145177
10137051,3.611047095
11027212,3.610946001
10453165,3.610573084
10605450,3.609958578
10819547,3.60985209
10941438,3.609617711
10045556,3.608251855
10467969,3.608243298
10371325,3.608097633
10755255,3.607934732
10583764,3.607792458
1205716,3.605844271
10487840,3.605732362
10751197,3.604754091
11011969,3.604129926
10871736,3.603801637
10816496,3.603728397
10808815,3.602923946
10171259,3.602852241
11001766,3.601865295
10392134,3.601363054
10492686,3.600928186
10098168,3.600896181
10819546,3.600727979
10015196,3.59971242
10755255,3.598472286
1200584,3.598383943
1204722,3.598138659
1201733,3.59735042
10793953,3.596846374
10759390,3.596516065
10921714,3.596207953
10784779,3.595338065
10684789,3.595190748
1201657,3.594133286
1204480,3.594089968
11033665,3.593553595
11005794,3.59339193
10913927,3.593308851
10906514,3.59316845
1204136,3.592584355
10474037,3.591545295
10584053,3.590712789
10783064,3.590398369
10773479,3.590344709
10371983,3.587384355
10802683,3.58674607
10615970,3.586733029
10994931,3.586693929
10171259,3.586666666
11017948,3.586513024
10536835,3.586288873
1204316,3.586185326
10795000,3.586160394
10784304,3.585544261
10398043,3.585057343
10508929,3.584974416
10981641,3.584842978
10783080,3.584152678
10835487,3.583771689
10625000,3.582344011
10475115,3.580989284
10866643,3.580557721
10710613,3.579987257
10961003,3.579537772
10476000,3.579462112
10438764,3.577321862
10227011,3.577167764
10956613,3.576632075
10749550,3.575365896
10503036,3.575151687
10847660,3.573511962
10706285,3.573324721
10749550,3.573060971
1206218,3.572809075
10935399,3.572724176
10985527,3.571907288
10211073,3.571750962
10910311,3.571308081
10883213,3.571095341
10917731,3.570732037
10958213,3.570021904
10682947,3.570017669
10740405,3.569867399
10433358,3.568095112
10082346,3.567015064
10875615,3.566609967
10657035,3.566578632
10600016,3.566131283
10835793,3.5660177
11030379,3.565920536
10941426,3.565844203
10816495,3.56556651
10029315,3.565226394
10460064,3.564985233
10960999,3.56371454
10194103,3.561806598
10194103,3.561806598
10835211,3.561387197
10779227,3.558916725
10937968,3.55878117
10740390,3.558315131
10874813,3.557860202
10371983,3.557260485
1201026,3.557072786
10826369,3.556157586
10279144,3.555066236
10921701,3.554906702
10684789,3.554239151
10720691,3.553575823
10730854,3.55125464
1202499,3.550469457
10171259,3.550389494
10765319,3.548023248
10673450,3.547472255
11030038,3.547323023
10918826,3.546030867
10146951,3.543835267
10750503,3.542950868
10312257,3.541846258
10769378,3.541593469
10125388,3.540506318
10201453,3.540300196
10454882,3.540134772
10813215,3.540016782
10764145,3.539917767
10917733,3.539605427
10523417,3.53919206
10683827,3.539068003
10170383,3.538471082
10820351,3.53832393
10793953,3.537762999
10646787,3.537504255
10605621,3.537230033
10729811,3.537088687
10990152,3.535870473
10917789,3.535661199
10809319,3.535636269
10994899,3.535229495
1205423,3.534465094
10171259,3.534203919
10702820,3.533565568
10892066,3.533536433
10871737,3.532619567
10883213,3.531576557
10590032,3.530453411
10880071,3.530098645
10921701,3.528738998
10937968,3.528645052
10964868,3.527566358
10969700,3.527391545
10982371,3.527193632
10466135,3.526979722
1202919,3.524669819
10353618,3.524389259
10956587,3.524284747
10090436,3.52424539
10646787,3.524045379
10813215,3.522701121
10917723,3.522221353
10822488,3.521610618
10894770,3.520704016
1200724,3.519852746
10720690,3.519776251
10822981,3.519559828
10861597,3.518994054
10867420,3.518818613
10819516,3.518666845
10948003,3.518537212
10015304,3.518393947
10406162,3.517242133
10510599,3.517177886
10935399,3.517162479
10584462,3.516932029
10964873,3.516007877
1290282,3.514807473
10386005,3.514748128
10816506,3.514266627
10737097,3.514022413
10663334,3.513228033
1203948,3.512710168
10026180,3.512060691
1204415,3.511903949
10580176,3.510896938
10274413,3.510623437
10958205,3.510113385
10519210,3.507811537
10179685,3.507117218
10224708,3.506503487
11020010,3.505944783
10549095,3.505345733
10903331,3.50316419
10711171,3.503107377
10026180,3.502093084
10247571,3.501053039
10974368,3.500933207
10816504,3.500552255
10710631,3.499991897
10433736,3.49969137
1201109,3.499638986
10030718,3.499406328
10680349,3.499128634
10743451,3.498290484
10643466,3.498244036
1204226,3.497634066
10015304,3.497572052
11032642,3.497037928
11053005,3.496371832
10214300,3.496080207
1206452,3.495231323
10552733,3.494817287
10877038,3.494238028
10593062,3.493969079
1210335,3.493139639
10656580,3.490920127
10856120,3.490881563
10461335,3.490552525
10389980,3.488613165
11014959,3.487497281
10599055,3.487245247
10892069,3.487231158
10305338,3.486678521
10266636,3.486416526
10816817,3.486083583
10761249,3.482610579
1201657,3.482425083
10921698,3.482243748
1204908,3.481774606
10782836,3.481750495
10994923,3.479135463
10764380,3.47901963
10747127,3.478615562
11026537,3.477829941
11026675,3.477418284
10747505,3.476957784
10913922,3.476129116
10395742,3.47605663
11014958,3.475979131
10850947,3.473727086
10686832,3.473550304
11004898,3.471927657
10720360,3.47101384
10759467,3.470600613
10284987,3.470302794
10539289,3.468657444
10725711,3.467727266
10044233,3.467086042
10903321,3.465929063
10653863,3.465482516
1202643,3.464453919
10864883,3.464300561
10840745,3.463653596
10968910,3.462706718
10077143,3.462192409
10147495,3.460699949
10888553,3.460215931
10994939,3.460089077
10371931,3.460000203
10848094,3.459252432
1202917,3.458964275
10370947,3.458711004
10157505,3.45755782
10830505,3.454693192
10847660,3.454612722
10826795,3.454288496
10750537,3.45418573
1210540,3.453570076
11021901,3.453388938
10938100,3.452288882
10758469,3.449948638
10030809,3.449746565
10979240,3.449320829
10663977,3.447366343
10230051,3.446535316
10051510,3.445971234
10844874,3.444525333
1204056,3.444104687
10653719,3.443384677
10903321,3.442917654
11033620,3.44230538
10898674,3.441830348
10328687,3.441648871
10880033,3.441359338
10903312,3.439996933
10017042,3.439996919
10017042,3.439996919
10961033,3.439956426
10871749,3.439347506
1206090,3.438308727
10705555,3.436792566
10823005,3.436486652
10358749,3.435746756
10182486,3.435045111
1204462,3.434596999
10844875,3.432250273
10898674,3.430846743
10776368,3.430681279
10813192,3.430042945
10686050,3.429942895
10828175,3.429196905
10707201,3.429136585
10576580,3.427423937
10561009,3.427132035
10358749,3.424955209
10894777,3.424266176
11004895,3.423722729
1205024,3.423486983
10979239,3.423133418
10985530,3.423109979
10576760,3.422490859
10684137,3.420500901
10816820,3.419369035
10816820,3.419369035
1202917,3.417352342
10529445,3.416637113
10847658,3.416616156
10977934,3.416526925
10535981,3.415691291
11021890,3.415094271
1202499,3.413941258
10214372,3.411129879
10779227,3.410887772
10370793,3.409703228
10765315,3.408905604
10684146,3.408454969
10736803,3.408135093
10125167,3.408048435
11001816,3.40756888
10828175,3.407100147
10643566,3.404820446
10864564,3.401734807
10835489,3.400598896
10374389,3.400435342
10683778,3.400195938
10750131,3.39867204
11021890,3.398260047
10856135,3.397271218
1204049,3.396727866
1210152,3.395772438
10589677,3.395236627
10847289,3.395039894
10810402,3.394156098
10328687,3.392544404
10981648,3.392508285
10892069,3.391883071
10990148,3.390750394
10899093,3.390332534
10951376,3.390163393
10558462,3.389684432
10750534,3.38939728
10353294,3.38931114
10278637,3.388920099
10729190,3.388562409
10816426,3.388160888
1200541,3.387656788
11038606,3.387594242
10765305,3.386885979
10877520,3.386761352
10956943,3.38667413
10888516,3.386665043
10720689,3.386271658
10796523,3.3829914
10899115,3.382119167
10446128,3.381731102
10686884,3.380929367
10500051,3.38071471
10964169,3.380486632
10417336,3.378049695
10747510,3.377981394
10278637,3.377576611
10309582,3.377519136
10985826,3.377335813
10098020,3.376826368
1206125,3.376236929
10960986,3.376041182
10801745,3.375960747
10441371,3.375152456
10816405,3.375102196
10956607,3.374790476
10991460,3.37460354
1201755,3.374312715
10366477,3.374133213
10737104,3.373219212
10041212,3.373002149
10964869,3.372998005
10563355,3.372325199
10354284,3.371949501
10684151,3.370396004
10809287,3.370055928
1200907,3.369797607
1201949,3.369162257
10134681,3.366914114
10385659,3.366237319
11000731,3.36551042
10287262,3.363330418
10609920,3.363262254
10750884,3.362899265
10910315,3.362313393
10998646,3.362134025
10536836,3.362030328
10653870,3.361208694
10629797,3.360737594
10848084,3.360066283
10909644,3.359803146
11008456,3.359100665
10764375,3.358745897
10277566,3.358488336
10044230,3.35768279
10558462,3.356831103
10743470,3.355328792
10694531,3.354418958
10761880,3.353812482
10864563,3.352161677
10783089,3.351679532
10964168,3.351182648
10275363,3.351161802
10279224,3.350728074
10903314,3.35046592
10898685,3.349584247
10880048,3.349440406
10844849,3.347203027
10391359,3.347056017
10016519,3.346489864
10642179,3.346458557
10694533,3.346154567
10040799,3.344496711
10568428,3.344112966
10298996,3.34362401
10956948,3.343474067
10819552,3.342910146
10738753,3.342858395
11047175,3.341890147
10723966,3.341729413
10045494,3.341508443
10309582,3.34093005
10933810,3.340540449
10835798,3.340519069
10910305,3.340292546
11001788,3.339628098
10840755,3.337412844
10969705,3.33730363
10502573,3.337269138
10803460,3.337175542
10830501,3.336435488
10015273,3.336430633
10813271,3.335187915
1290314,3.335039827
10015209,3.334950052
10485244,3.332850222
1205535,3.332138795
10258820,3.33182891
10492373,3.331821008
10810376,3.331384575
10675892,3.330713334
11001788,3.330374792
10813191,3.33009399
10703420,3.329677539
10998653,3.327785633
11004898,3.327382396
10426337,3.32676714
10806933,3.325344937
10796675,3.325119166
10168513,3.324937494
1201243,3.324835936
10090973,3.323798777
10952454,3.322489592
1210035,3.322254561
10819550,3.318386438
10814011,3.317255022
10902607,3.317198835
10810376,3.31711588
10663331,3.316325967
10803462,3.316257519
10813265,3.315962286
10856708,3.315501076
1204053,3.314414801
10809314,3.313794807
10371157,3.313380055
11017942,3.313246477
10095126,3.312728645
10719043,3.311977629
10243213,3.311744999
10917775,3.311360325
10928299,3.310757889
10803644,3.307575705
11018417,3.306352279
10412964,3.305920436
10730187,3.304490382
10614486,3.303627012
10809314,3.303351851
1204545,3.303288238
10729813,3.303270949
10663344,3.302661351
10097878,3.301990585
10837786,3.301956918
10933823,3.301330129
10800514,3.300582554
10709811,3.300356321
10957653,3.297634495
10947998,3.297538629
10576763,3.296786471
10924859,3.296532677
10861852,3.295788669
10844837,3.295588643
10692521,3.294736843
10614486,3.294345155
10769586,3.293290865
10224092,3.293237723
11030134,3.292507355
10490929,3.291834796
10605469,3.291379604
10784631,3.290384751
10497333,3.290185095
11017942,3.288938682
10599307,3.287306656
10933790,3.286243868
10677075,3.285793271
10826828,3.285256523
10641554,3.285050034
10892747,3.284694632
10998649,3.284288178
10844872,3.284004838
10765301,3.281545468
1205086,3.281192327
10677075,3.281023315
10601630,3.280647289
10814009,3.278674747
1202566,3.278380299
1204220,3.276838864
10694531,3.2763712
10844872,3.274710414
10924864,3.274415165
10810362,3.273911692
1205349,3.273869989
10990414,3.273783411
1201060,3.273419564
10823234,3.27300793
10822707,3.272714109
10823230,3.27261273
10886728,3.272099563
10144556,3.271936107
10432170,3.271398445
10888542,3.271207642
10750884,3.271124151
11009544,3.271110404
10898681,3.271006421
10690779,3.270837926
10813244,3.270676869
10764367,3.270371481
10176660,3.270228735
10416796,3.265647816
11011974,3.265413457
10587473,3.265260873
10730981,3.264716817
10292903,3.262081426
10052849,3.260648687
11020300,3.26025359
10052849,3.25925712
10230058,3.258418478
10342157,3.258166775
10858051,3.257132556
10761420,3.256354834
10742917,3.255681652
10985528,3.254573566
11008800,3.254382639
10652068,3.253967213
11021444,3.253842594
10542686,3.253121427
10823230,3.250878936
10574601,3.250451908
10847016,3.250002749
10877060,3.249054987
10784317,3.247566883
10583739,3.246850865
10791099,3.244154443
10784631,3.244014942
1200556,3.241989796
10643451,3.241878615
10119837,3.239890908
1206204,3.238755799
10410467,3.238398094
10956598,3.237945931
10254277,3.237661062
1206204,3.236519146
10894524,3.235443495
10295259,3.235355385
10465820,3.235335905
10717899,3.234615182
10317672,3.234489402
1206884,3.23216211
10609214,3.231051834
10769373,3.229750262
10947410,3.229701699
10784632,3.22821185
10463455,3.227284517
10829463,3.226626998
10803643,3.226146322
11030535,3.225815259
10964863,3.224654344
1203769,3.222585867
10800321,3.221423745
1203769,3.219378644
11033620,3.218204619
10709803,3.215319361
10947410,3.214384008
10750505,3.213756362
11035157,3.211701258
10769263,3.211104337
1203769,3.210762954
10947998,3.21002779
10793033,3.209118407
10806928,3.208563353
10952447,3.207365314
10769378,3.206641581
10847717,3.206265024
10933822,3.206076621
10700623,3.203623751
10861594,3.203619575
10543626,3.203340504
10813713,3.202724075
10761869,3.201930029
10650863,3.201821504
1204452,3.201104405
10948006,3.200665887
10866418,3.200427916
10761865,3.197725129
10571389,3.197553184
10809619,3.196770355
10667598,3.191792013
10880026,3.191033506
10769294,3.190859591
10672917,3.190576806
10820340,3.190113002
10143902,3.189258281
1290378,3.189191402
10627651,3.189154321
10956616,3.188921969
10913953,3.188478867
10823235,3.187316378
10878925,3.184330681
10928256,3.183945101
10484844,3.183307612
10683824,3.182706944
10710617,3.181298592
10840985,3.180224093
10856685,3.17987792
10810350,3.179864385
10906528,3.179475671
1202067,3.179152612
10985818,3.178850085
10933830,3.178780381
10607766,3.178733834
10638488,3.177264378
10956615,3.177201532
10791112,3.176867438
10973765,3.176724113
10670566,3.175869451
1201750,3.175135648
10977938,3.174587032
10856116,3.174117767
10830752,3.173707529
10871744,3.173689392
10800522,3.173499883
1204452,3.17273725
11030790,3.172457102
10956611,3.171692928
10714870,3.170347201
10723992,3.170334787
10590722,3.169039569
10263422,3.168922533
11009863,3.168815427
10709803,3.168814351
11030467,3.167883237
10882889,3.167702938
1204025,3.165810232
1203903,3.165522118
10709803,3.164894132
10975041,3.164481782
10924350,3.163490146
11020311,3.163076123
11030984,3.16231719
10833904,3.161848447
11008808,3.161515322
10228201,3.1613167
10624360,3.160956061
10739473,3.1600373
10463687,3.158167843
10859922,3.15749036
10960555,3.152635947
10241235,3.151948972
10837069,3.151478465
10739480,3.151286883
10046807,3.150398655
10772227,3.149313643
10245774,3.147734641
1201935,3.146520847
10803809,3.146166702
1290277,3.145861604
10490145,3.144824797
10700611,3.143750754
10733245,3.142509986
10730802,3.14243682
10924311,3.142405472
10948008,3.142127205
10920390,3.141427621
10879648,3.141314435
10793038,3.140881835
10813261,3.140455966
10773179,3.140127706
1204059,3.139211679
10956607,3.139033228
10268540,3.137786172
1201947,3.136827046
10961024,3.136473211
10937962,3.136418149
10994901,3.13602807
10924868,3.135608655
1206566,3.134466288
10212341,3.134410556
10922496,3.133691599
10769377,3.132905275
10961024,3.132880402
10664830,3.13083645
10751195,3.130546076
10871742,3.130351436
10768941,3.130087183
10833964,3.129853132
10982366,3.128055665
10994930,3.127100316
10906517,3.126924354
10518420,3.126788939
10878925,3.126673812
10380253,3.126670812
10823224,3.124170473
10806844,3.123595765
10922505,3.1227405
1200692,3.120942171
1204723,3.119644035
10850969,3.118712408
11001814,3.117356195
10608760,3.116651601
10831595,3.11638298
10059982,3.114359693
11020008,3.112643537
10922504,3.11177041
11008803,3.111536102
10657316,3.111315938
10822706,3.110792547
10961032,3.110134072
10789222,3.109693414
10310413,3.108181966
10947410,3.106949613
10937979,3.106845985
11021933,3.10533988
10784632,3.105068136
1206559,3.102579685
10686866,3.102439722
10889847,3.102081058
10396469,3.101334624
10379913,3.097254759
10882883,3.096474077
10601531,3.096171105
10697035,3.095709102
10994911,3.094975059
10975044,3.094966632
10584455,3.094954175
10765319,3.094866496
11011349,3.094744099
10455625,3.094390287
10947410,3.091631922
10719955,3.088519833
10922505,3.088376702
10686919,3.087653501
10730191,3.087397566
1200833,3.087122708
10898690,3.085248335
10814026,3.08387694
10755258,3.082576536
10526579,3.08234157
10167396,3.082259279
10462137,3.080140199
10782979,3.078374207
10549095,3.077059014
10664836,3.074295833
10595747,3.072849555
10850947,3.072616546
10937973,3.071825043
10199723,3.069932605
10402973,3.069491944
10621029,3.067997878
10819530,3.064824289
1290267,3.063550881
10506846,3.063409346
10889154,3.063146885
10533038,3.062342948
10878925,3.061609634
10933840,3.061346541
10906527,3.06005784
10686866,3.059149955
10765308,3.058969622
10869255,3.058761081
10844588,3.058196654
10859924,3.057857141
10708684,3.056456916
10429301,3.056450556
10479005,3.05601046
10800320,3.055984091
10768947,3.055207686
10903335,3.052137115
10050899,3.051856443
10961001,3.051612388
10673451,3.04886247
11004894,3.047309606
10653860,3.045595077
10898694,3.045019556
10708684,3.044146592
10708684,3.04397023
10461358,3.04245293
10903328,3.041803279
1202459,3.04171547
11020971,3.041344375
10719954,3.039532142
10449577,3.038847499
10776277,3.038670347
11030227,3.037370782
10913924,3.037061948
10185601,3.035899746
10232979,3.035271416
10788651,3.034199713
10872317,3.034145712
10241617,3.034002879
10714869,3.033131483
10207919,3.032756392
10016021,3.032499209
10883216,3.031980128
10877045,3.030879392
10496029,3.030511816
10733020,3.029314766
10469557,3.029195176
11030227,3.028930955
10813256,3.028253951
10615008,3.028142656
10769374,3.028030053
1290282,3.027399891
10673458,3.026136849
1200702,3.023844641
10902602,3.023442777
11020315,3.020412764
11039026,3.02007989
11026767,3.018925918
10941438,3.017449955
1205681,3.01340076
10813193,3.012570474
10753591,3.010805615
10743791,3.009893329
10370804,3.009579432
10040932,3.009401025
10850973,3.009331743
10232350,3.008721898
10761861,3.007849409
10412118,3.007567771
11021507,3.00737892
10875136,3.006765776
10461358,3.006664803
10829463,3.006334557
10730988,3.005434269
10052994,3.005019105
10776363,3.004181088
11030735,3.003605471
11022477,3.002676675
10227026,3.002478994
10898688,3.002298796
10866414,3.001697046
10882886,3.001600736
10835491,3.000897999
11001782,2.999818186
10232350,2.999081286
10281714,2.99861232
10320034,2.998493387
10801261,2.997258889
1204321,2.996157648
10720054,2.995461974
10985823,2.993189862
10408867,2.993042226
10020223,2.991856437
10823267,2.990692342
1203804,2.989952013
10039632,2.989766866
10346602,2.989554634
10686880,2.989260925
10985819,2.988710222
10232979,2.987071897
10917759,2.984763072
10914398,2.982724374
10738398,2.982679705
10692644,2.981852997
10617914,2.981224935
10820618,2.980855643
10826816,2.980626685
10826816,2.980626685
10582235,2.980441793
10101481,2.978557748
10227020,2.975731434
10227020,2.975187864
1204473,2.974824739
10619018,2.972613628
11011968,2.971387049
10793724,2.969636281
10684150,2.969597229
10264355,2.967278431
10284385,2.964565023
11026661,2.963649484
10048889,2.962789174
10660009,2.962439981
10012493,2.961830424
10960989,2.958263467
10505387,2.958075528
10265384,2.957093358
10580592,2.957018942
10892082,2.956921898
10210369,2.955674191
11030457,2.951891836
10801264,2.951411076
1203766,2.95093857
10816815,2.950765793
10973757,2.950407517
10826379,2.949375009
10791673,2.949279658
10502571,2.948113711
1204361,2.947799439
10947412,2.947781534
10734184,2.947150767
10666855,2.945129834
10928232,2.938609486
11001785,2.936132914
10840736,2.935149161
10167774,2.930506964
10310413,2.929569496
11017599,2.928477597
10513136,2.927859228
10913918,2.92712508
10961003,2.926118099
11060205,2.925188318
10379913,2.924670219
10779666,2.924162051
10968920,2.922567187
10840988,2.922554039
10822709,2.921749535
10237521,2.921483574
10666855,2.921113078
10928308,2.919356929
10912240,2.916953111
10833913,2.915173176
10928308,2.913519436
10526215,2.913272157
10386260,2.913118472
10921778,2.911661479
10533045,2.909460589
10691743,2.909003938
10618256,2.90812437
10813724,2.906687781
10196461,2.905496389
10990155,2.904769861
10265109,2.903934359
1201454,2.903625143
10750133,2.90346735
10990455,2.902545816
10522749,2.902506142
10402967,2.901783714
10973762,2.900926258
11021907,2.899146896
10828171,2.898230001
10855914,2.897902206
1201450,2.897718844
10397646,2.897570937
10515139,2.894081241
10960998,2.893293088
10952442,2.89220699
10961357,2.891671737
11042370,2.891193288
10674129,2.89099751
10998701,2.89096117
10928236,2.890555547
10263592,2.889886874
10179797,2.889039263
10627651,2.889017154
10460768,2.886154697
10696760,2.879411066
10307166,2.878972628
10928236,2.878752485
1204050,2.876911295
10928288,2.876776684
10969700,2.874721758
10993873,2.87425474
10648160,2.874031114
10648160,2.874031114
10197186,2.873632566
11030732,2.870917638
10850975,2.869497214
10570511,2.868583259
10969722,2.868126072
10365034,2.866807286
10837782,2.866536186
10401452,2.864386544
10206402,2.863375377
11011965,2.862869067
10456520,2.862263497
10607801,2.861778851
10382330,2.861633922
10763817,2.861198979
10456520,2.85856919
10947412,2.856554742
10813223,2.855783502
11048130,2.855149715
10386260,2.853490421
10790909,2.852120299
10981642,2.851722473
10738758,2.850248134
10894778,2.847753931
10840737,2.843939836
10784819,2.843782854
10068138,2.842281221
10601781,2.84210923
10458118,2.8409317
10717743,2.840684348
11027724,2.839889943
10729817,2.839342518
10940760,2.838721614
10940760,2.838721614
10371155,2.837570202
10747520,2.834367976
11063157,2.83272823
10740424,2.832499447
10791105,2.832470103
10979222,2.828145792
11001784,2.826246419
11033458,2.824422447
10762051,2.822843284
10307166,2.822243705
10761870,2.822051008
10125468,2.819984755
10910322,2.819834175
10720045,2.819196674
10820269,2.81776162
10367000,2.813753377
10784307,2.812261019
10705318,2.811910821
10151224,2.81016011
11017947,2.809815895
10136219,2.807779994
10913904,2.806620276
10036139,2.805062571
10859923,2.803983083
10833906,2.803798781
10302251,2.802516789
11033501,2.80102055
10197186,2.800451927
10837782,2.800016355
10875139,2.799322077
10788585,2.798276536
10729829,2.7955884
10168513,2.79542771
10673178,2.794552324
1204140,2.794444951
10594741,2.791457034
10990154,2.791378791
10814286,2.789545854
10875138,2.789178463
11004270,2.789153655
10814031,2.787310074
10747520,2.786413006
10937966,2.785758357
10880067,2.785228005
10812867,2.783593055
10990395,2.780503986
10254169,2.780469644
10429797,2.778145853
10903313,2.778070603
10797794,2.777741529
10782977,2.776830552
10036184,2.776417782
10017036,2.772289778
11017953,2.771228113
10664833,2.766616337
11032875,2.762604474
10913906,2.762528989
10933782,2.762235624
1204427,2.761333191
10672739,2.760694296
10730754,2.760506689
10961000,2.755612433
10791056,2.754138568
1202943,2.75263279
1204093,2.75221527
10990415,2.751669066
10779731,2.749254765
10040934,2.748476884
10492373,2.748079964
10076035,2.747698086
10826367,2.745063936
10061926,2.744966084
10382143,2.744132064
11018416,2.743067307
1204049,2.742643251
10739484,2.741741603
10605231,2.741260269
10693166,2.740616376
10730754,2.740150021
10806918,2.740111305
10295259,2.739935073
10961780,2.739705318
1203672,2.737383922
1204529,2.731352192
10103773,2.730870186
10991459,2.730806978
11030383,2.73071871
11001786,2.729694183
10441341,2.729562346
10877038,2.726783694
11045222,2.725202618
10830494,2.723073985
10874809,2.722619882
10259366,2.722495481
10858319,2.721666768
10555857,2.72015708
10259728,2.719572891
10555858,2.719517002
10816829,2.718724555
10848697,2.718286093
10947990,2.717606679
10751211,2.716416573
10552513,2.71630003
10710187,2.714608075
10960563,2.714318414
10168139,2.713676827
10011776,2.713591354
10813200,2.71258613
11008807,2.710813629
10452572,2.708764812
10820337,2.708548178
10913926,2.708209529
10794999,2.706711369
10746681,2.705943836
1200927,2.705136001
10998693,2.703340417
10791106,2.701218154
1290253,2.700274091
10837765,2.699611465
10937966,2.696759237
11001764,2.696502249
1203975,2.695066846
11021510,2.692830014
11017950,2.690436794
10019649,2.690323432
10120437,2.689362783
10968935,2.689227879
10365660,2.688440236
10826407,2.684919185
10405413,2.681808398
10410696,2.678930873
10802367,2.676863179
10924862,2.673796231
10956610,2.671937763
10297713,2.667933475
10711862,2.667538685
10819537,2.667321074
11001764,2.663012598
10750511,2.660569545
10933806,2.659933722
11004904,2.659153176
10921703,2.659010743
10899078,2.658603587
10643443,2.657483617
10994935,2.65589668
10680644,2.654689949
10866890,2.65255624
10643442,2.64649115
10502564,2.645263995
10731219,2.644869684
10168139,2.644593282
10711895,2.64326305
10493033,2.642870091
11026208,2.641721974
10645137,2.641325888
10985814,2.639997868
10416982,2.639962179
10880044,2.638450483
11033801,2.637798579
10750511,2.629708859
10877711,2.627564687
10788434,2.62747633
10979244,2.626699173
10844881,2.624501821
1206250,2.623367893
10980908,2.622705361
10813256,2.618504353
11011967,2.616515435
10802377,2.616061335
10692646,2.615752844
10788430,2.615148947
10779225,2.613834371
11042359,2.61310342
10931896,2.611188288
1202613,2.609718213
10680608,2.60863872
10237219,2.60654549
10102160,2.605796114
10095189,2.60476345
10621386,2.604685667
10788060,2.601308281
10823617,2.60120132
10814927,2.601071571
10246083,2.600847239
11001786,2.599349624
10850043,2.596114206
10982361,2.593459622
10416982,2.593205387
10043154,2.59256151
10998696,2.587441415
10918826,2.584400059
10281702,2.582854704
1201005,2.580239462
10546115,2.579285156
1202613,2.578170033
10189106,2.576804585
1204378,2.575109852
10819535,2.573634652
10487907,2.569862543
10650920,2.569081812
1202928,2.568984252
10956595,2.566925552
10937400,2.565409705
1204437,2.564998907
10383500,2.564604757
10753593,2.563684588
10716794,2.563548836
10442410,2.558737849
10941425,2.554741915
10590177,2.55271216
10715022,2.552699543
10985831,2.551402076
10883834,2.551184015
10969707,2.55073814
10964872,2.548511138
10728834,2.543655052
10964871,2.542260623
10826378,2.540383916
10950478,2.540128713
10320171,2.538828058
10903319,2.531738477
1201761,2.531079808
10371945,2.530006201
10883834,2.528960344
10816828,2.527965012
10732996,2.526532405
10905879,2.525436315
10664844,2.521005585
10948005,2.51790537
11045544,2.516870419
11045218,2.515796334
10770295,2.515679496
10894771,2.514585877
10457619,2.514122193
10739479,2.511749112
10820340,2.510035429
10829800,2.504778292
11030183,2.50238676
10555610,2.501666166
10018893,2.49870384
10730941,2.495296925
10776398,2.494859068
10961013,2.492327298
10776367,2.492236761
10442561,2.490992827
1210154,2.490825359
10979227,2.489627211
10871741,2.488271232
11030183,2.484747264
10809291,2.481420652
10993880,2.481231639
10914400,2.480709298
11004907,2.479169047
10917722,2.47520484
10858819,2.471816419
10898667,2.470775554
10990455,2.466552928
10207549,2.465745692
10171714,2.462090503
10565588,2.461192045
10933832,2.459046342
1204120,2.449561288
1204249,2.44946401
10866179,2.448613685
10961019,2.44349404
10933825,2.440665179
10734177,2.440367627
10712651,2.436725763
10864567,2.433939913
10864567,2.431561727
10928282,2.423045625
10484770,2.421922002
10956584,2.418740438
10895995,2.414961715
10855661,2.414357201
11045623,2.413885523
10910316,2.409954453
10810331,2.408582996
10776366,2.406160738
10515135,2.405051032
10816505,2.399586634
10776366,2.397882367
10739478,2.394997802
10961019,2.394171764
10745663,2.391445925
11029119,2.390866967
10609942,2.389636476
10607790,2.388714102
11033191,2.3886731
10952452,2.378379551
1201720,2.376938205
11033219,2.376412818
11011970,2.374848448
10869253,2.367484113
10994938,2.364783031
10432747,2.357295044
10730250,2.356937542
10488526,2.354514572
10847727,2.349632888
10645094,2.340434825
1201709,2.33985026
1207026,2.336071287
10822977,2.335840596
10830087,2.332101111
11030545,2.332019097
11028962,2.32852122
10802109,2.328201051
10401452,2.327650251
11028448,2.327444522
10883219,2.326826193
10990393,2.322293347
10813225,2.3213572
10994938,2.318027754
10612753,2.31295405
10973760,2.311586199
10830087,2.305922236
10906526,2.298964827
10782972,2.298731214
10822984,2.297678726
10769372,2.287804341
10252867,2.283642853
1200778,2.280384259
10389555,2.279189122
11030538,2.277896049
10711895,2.277864897
11020961,2.270345285
10697418,2.267356823
10707078,2.264035167
10875136,2.261913443
10809529,2.253550859
10720687,2.252931274
10814016,2.249978063
10371162,2.249523223
10750133,2.246955752
10820343,2.245959276
10826407,2.243936645
10844851,2.226034955
10316001,2.214683827
10809301,2.212204292
10465820,2.211532131
10702819,2.203787816
1206645,2.200674677
10730981,2.196782283
10493033,2.195475297
10078093,2.191127453
11014963,2.185609614
10747509,2.183015399
10837783,2.180930328
11049369,2.173214177
10823006,2.173185349
10976521,2.164777454
10492985,2.15840809
10823006,2.145947211
1203962,2.135864849
10922497,2.132699634
10697214,2.132594176
10814028,2.129555851
11033465,2.129143963
10436015,2.126466383
10718589,2.122300668
10677077,2.10746751
10968902,2.102486454
10127354,2.101524959
10998651,2.090924842
10913908,2.084996731
10898672,2.072661072
10294489,2.066020954
10809292,2.063840898
10401710,2.046719324
11041092,2.044141605
11008803,2.033647212
10864561,2.00906445
11030394,2.007790425
10645741,1.978827083
10852405,1.978255588
10809299,1.975523365
10435409,1.94461131
10940760,1.936026362
10940760,1.936026362
10880019,1.932672821
10809283,1.927477679
10633098,1.926297192
10803637,1.917196072
11017945,1.906124635
10661419,1.886235162
11004910,1.87898262
10928293,1.822560625
10607788,1.817903019
10165714,1.817305662
10823232,1.815787418
10668188,1.799428878
10844841,1.775360677
10998660,1.763219619
10844841,1.762760005
10784307,1.743425769
10947403,1.742308799
10805354,1.73033836
10727148,1.729924827
11020011,1.72791503
10910329,1.665919257
1270012,1.663562931
10412102,1.660396835
10898692,1.64983766
10958213,1.645669921
10609234,1.634063246
1200927,1.628650206
10994941,1.627852435
10917033,1.613770323
11020316,1.552922447
10830521,1.540678999
10779610,1.509279493
10922495,1.50246211
1200815,1.482703568
10935399,1.440120452
10835218,1.413944026
10935399,1.384558754
10886729,1.342742793
11008806,1.313786915
10933839,1.246590061
10969720,1.244026131
10611202,1.177556563
11028755,1.126543218
10914406,1.097252883
11026026,1.059489986
10914406,1.05758375
10947399,1.051710634
10201875,1.050044885
10761862,0.9859547315
10809301,0.8729903523