Numero de Empleado ,Conocimiento del entorno empresarial,Practica lo que se predica,Enfoque a resultados,Conocimiento de si mismo,Cooperaci√≥n proactiva,Iniciativa
10581045,4.3,4.8,4.8,4.8,4.8,4.8
10765310,4.8,4.8,4.8,4.3,4.7,3.8
11000461,4.8,4.8,4.8,3.3,3.8,3.8
10941433,4.7,4.8,4.8,4.8,4.6,4.6
131704,4.2,3.8,3.6,4.3,3.7,4.1
10975041,3.6,4.8,3.6,3.6,4.3,3.6
10889154,3.6,4.8,3.6,3.1,3.6,3.5
10596064,4.3,3.8,4.8,3.8,4.3,3.8
10779219,3.8,3.8,3.8,3.6,3.8,2.8
10956607,4.8,4.8,4.6,4.8,4.2,4.1
10895995,3.8,4.8,4.8,3.8,3.8,3.8
10823227,2.7,3.8,2.8,2.7,3.6,2.8
10898694,3.3,4.3,3.8,3.7,3.6,3.3
10493033,3.3,4.8,2.8,3.8,4.7,3.1
10877060,4.1,4.7,2.6,3.5,4.8,3.6
10036226,3.8,4.8,3.8,3.8,3.8,4.1
10816357,3.8,4.8,3.6,3.7,3.6,2.7
10894771,4.8,4.8,4.6,3.6,4.3,3.5
11011965,4.8,4.8,4.8,4.3,4.7,4.7
10830752,4.6,4.8,4.6,4.1,4.6,4.4
10964869,4.8,4.8,4.6,4.6,4.8,4.4
10425684,3.7,4.8,3.6,3.8,4.1,3.6
10898672,2.7,3.1,2.6,2.6,3.1,2.5
10889153,3.8,3.8,3.8,3.6,3.8,3.6
1204263,3.8,3.8,4.8,3.8,3.8,3.8
10036184,3.8,3.8,3.4,3.6,4.6,3.4
1202613,4.2,4.6,3.6,4.1,4.6,3.6
10816426,3.8,4.8,3.8,3.8,4.6,4.1
1290314,4.6,4.8,4.8,4.2,3.6,2.6
10913918,4.8,4.3,3.8,3.6,2.7,3.3
10312171,4.8,4.8,4.8,4.3,4.8,3.8
10643466,4.8,4.8,2.8,3.8,3.8,2.8
10646787,3.8,3.8,4.8,3.8,3.8,3.8
10684789,3.6,4.1,3.4,3.9,4.6,3.6
10035975,3.8,3.8,3.8,3.8,3.8,2.8
11020008,4.8,4.8,4.8,4.7,4.8,4.8
11004909,3.6,4.8,3.8,4.8,4.6,4.1
11009544,3.3,4.8,3.8,3.6,4.3,2.7
11030414,4.8,4.8,4.8,4.8,4.8,4.8
10210658,4.3,4.8,4.8,4.3,3.8,4.8
10838888,2.8,3.8,3.8,3.3,3.3,3.3
10663338,4.6,4.3,3.8,4.6,4.1,3.6
10475069,3.8,3.8,3.8,3.3,3.8,3.8
10680349,3.8,3.8,3.8,3.1,3.6,3.7
10694029,3.7,4.8,3.8,3.8,3.8,3.8
10750131,4.6,4.8,4.8,3.5,4.8,3.6
11001774,4.6,4.8,4.8,4.7,4.8,4.8
10779215,3.8,4.8,3.8,3.8,4.3,3.8
10677077,4.6,4.8,4.8,3.7,3.8,3.8
10796523,3.3,4.8,3.8,3.8,3.8,3.8
10964168,4.8,4.8,4.8,4.8,4.8,4.8
10819525,4.8,4.8,4.8,4.8,4.8,4.8
10020777,3.3,4.8,3.8,4.8,4.8,3.8
10761869,3.8,4.8,2.8,4.8,3.8,3.3
10867420,4.8,4.8,4.8,4.2,4.7,4.8
10132433,4.8,4.8,4.8,4.7,4.8,4.8
10913921,4.8,3.8,4.8,3.3,3.8,4.3
10961019,3.6,3.8,4.6,3.5,4.1,4.1
1204361,3.8,4.8,3.8,3.8,4.3,3.3
10666855,4.8,4.8,3.8,4.7,4.8,4.2
10994904,3.8,4.3,3.8,2.8,3.3,2.8
10029640,3.7,4.8,3.6,3.3,3.8,3.8
10880067,3.6,4.3,3.6,3.1,3.6,3.6
10454882,3.8,4.8,2.8,2.6,2.3,2.7
10307166,4.3,4.8,3.8,3.7,4.3,4.8
10956581,4.8,4.8,3.8,3.8,3.8,4.3
10170383,3.6,4.6,3.6,3.1,3.3,3.3
10823230,3.7,4.8,3.8,3.8,3.8,3.8
10879651,3.8,4.8,3.8,3.8,3.8,3.8
10754651,3.8,4.8,3.8,3.8,3.6,3.6
10964860,4.3,4.8,4.8,3.8,4.8,4.8
10981640,4.3,3.8,3.8,2.8,2.8,4.3
10264992,3.7,4.8,4.8,3.7,4.3,4.8
10969709,4.2,4.8,3.6,4.3,3.7,3.2
1290253,3.6,4.8,3.8,3.8,4.8,4.2
10886042,4.7,4.8,4.8,4.8,4.7,4.6
10814011,4.5,4.8,4.8,4.8,4.8,4.8
10788977,4.8,4.8,4.8,4.7,4.8,4.3
10814283,4.8,4.8,4.8,4.8,4.6,4.8
1204721,3.6,4.6,3.6,4.6,4.6,3.6
10543673,4.8,4.8,4.8,4.3,4.8,4.8
11004270,4.6,4.8,4.8,4.3,4.3,3.8
10813271,4.8,4.8,4.8,4.6,4.6,4.1
10791106,2.8,4.8,2.8,3.8,3.8,2.8
10714870,3.8,4.8,3.8,3.8,3.8,3.7
10878929,4.1,4.7,4.6,4,4.7,4.8
10986714,4.8,4.8,4.8,3.7,4.8,3.8
10812161,3.8,4.8,4.8,4.3,4.8,3.8
10813713,3.4,4.5,3.4,4.5,4.4,3.4
10783065,4.8,4.8,4.8,4.8,4.8,4.8
11017942,3.3,3.8,2.8,2.8,3.3,2.8
10328687,4.8,4.8,4.8,4.8,4.3,4.8
10214372,4.3,4.8,4.8,3.7,4.3,3.7
10572117,4.8,4.8,4.8,4.8,4.3,4.8
11028448,3.5,4.6,4.4,4.6,4.6,3.9
10961357,3.7,4.8,3.6,3.6,3.7,2.7
10871737,3.7,4.8,4.8,4.2,4.2,3.7
10880056,3.8,4.8,3.8,3.8,4.3,3.8
10755255,3.8,4.8,3.8,4.3,3.7,3.3
10925170,4.8,4.8,4.8,4.8,4.8,4.8
10990106,4.7,4.8,4.6,4.8,4.6,4.2
10956598,4.6,3.8,3.6,4.3,4.6,4.1
10826795,3.6,4.8,3.6,4.6,4.7,4.6
10840747,4.8,4.8,4.8,4.7,4.8,4.8
10067235,3.3,4.8,3.8,3.7,3.8,3.3
10931896,3.7,3.8,3.6,3.7,4.7,3.6
10753591,3.8,3.8,3.8,3.8,3.8,3.3
10766540,2.8,3.8,3.8,3.8,3.8,3.3
10960563,2.8,3.8,2.8,3.8,3.8,3.8
10898692,3.7,3.8,3.6,4.6,4.7,4.6
10979225,3.8,4.8,4.8,4.8,4.8,3.8
10560396,4.8,4.8,4.8,4.6,4.8,4.8
10458390,4.3,4.8,4.8,3.8,3.3,3.8
10747505,4.2,4.8,4.8,4.7,3.6,4.8
1204053,3.8,4.8,3.8,3.6,4.8,4.1
10813200,4.3,4.8,4.8,3.7,3.8,3.3
10894759,2.8,3.8,3.6,2.6,2.8,2.8
10134681,4.8,3.8,3.8,4.3,3.8,3.8
10880069,3.3,3.8,3.8,3.7,3.7,3.2
10856127,2.8,3.8,2.8,3.8,2.7,2.8
10759427,3.8,3.8,3.8,3.8,3.8,3.8
10974368,2.6,3.8,3.6,3.1,3.8,3.6
10789242,4.8,4.8,4.8,4.6,4.6,4.2
10015304,4.8,4.8,4.8,4.3,4.8,3.8
10969700,4.8,4.8,4.6,3.8,4.6,4.1
10861594,4.7,4.8,3.8,4.8,4.7,3.8
10607801,4.2,4.8,3.6,4.2,4.3,3.1
10227020,4.3,4.8,4.8,4.3,4.7,4.7
10765301,3.8,4.8,2.8,3.3,2.8,3.8
10828166,4.8,4.8,3.8,3.8,4.3,4.3
11032794,4.8,4.8,4.8,4.8,4.7,4.2
10709803,4.8,4.8,4.8,4.6,4.6,4.1
10826819,4.8,4.8,4.8,4.8,4.8,4.8
10264912,4.3,4.8,3.8,4.8,4.3,4.3
10497333,3.6,3.8,2.6,2.6,3.7,2.6
10433736,3.8,3.8,3.8,3.2,3.8,2.6
10933830,3.8,4.3,3.8,4.8,4.3,3.8
10898677,4.8,4.8,3.8,4.3,3.8,3.8
10837471,4.8,4.8,3.8,4.2,3.8,3.7
10985817,3.7,3.7,3.8,3.7,3.6,3.6
10848084,3.3,3.8,2.6,3.7,3.8,3.7
10921703,3.6,4.8,3.6,3.8,4.3,3.8
10913910,4.8,4.8,4.8,4.8,4.8,4.8
11022471,3.8,4.3,3.8,2.8,3.8,2.8
10921116,3.3,2.8,2.8,2.8,3.1,2.5
10998653,4.2,4.8,3.6,3.6,3.8,2.5
10098020,4.1,4.8,4.8,4.6,4.4,4.6
145977,4.8,4.8,4.8,4.7,4.6,4.6
10961011,4.8,4.8,4.8,4.3,4.8,4.3
10477048,4.3,4.8,4.8,3.8,3.8,3.8
10769378,3.6,4.8,3.6,4.2,3.6,4.6
10779218,3.8,4.3,3.6,3.6,3.6,3.4
10653860,3.7,4.8,3.6,4.3,3.8,3.8
1204321,3.8,3.8,3.8,3.3,3.8,4.3
10279051,4.3,4.3,3.8,3.8,3.8,3.8
1203774,3.8,3.8,3.8,3.8,3.8,3.8
10587555,3.6,4.7,3.6,4.1,4.8,3.6
10956613,3.8,3.8,3.8,3.8,3.6,3.8
10060187,4.6,4.6,3.6,4.6,4.1,3.6
10918826,4.7,4.8,4.6,4.3,3.8,3.3
10852405,2.8,3.8,2.6,3.7,3.8,2.7
10653723,3.3,3.8,3.8,2.8,2.8,2.7
11022476,3.8,3.7,3.6,3.8,3.8,3.6
10847660,3.7,4.8,4.8,4.8,4.8,4.8
10903316,3.1,3.8,3.8,3.6,3.8,3.8
10755320,2.6,3.3,2.6,2.6,2.6,2.6
11008808,4.6,4.6,3.6,3.6,3.6,3.6
10991460,4.8,4.6,4.8,4.8,4.6,4.8
10957653,4.8,4.3,3.6,4.8,3.3,3.7
10747519,4.3,4.2,3.8,3.8,3.8,3.8
10285075,4.8,4.8,4.8,4.7,3.8,3.8
10647916,4.1,4.8,3.6,4.6,3.8,3.6
1290216,4.6,4.8,3.8,3.7,4.3,3.8
1204415,4.6,4.6,4.6,3.6,4.6,4.1
10650920,4.8,4.8,3.6,4.1,4.8,3.7
1203769,4.8,4.8,3.8,4.3,4.3,3.8
1290361,4.8,4.8,4.8,4.8,4.8,4.8
10294035,4.8,4.8,4.8,3.8,4.8,4.8
10570511,3.8,4.8,3.8,4.3,4.8,4.8
10823006,4.3,4.8,3.8,3.8,3.8,4.8
10729827,3.3,3.8,3.8,3.8,3.8,3.2
10877035,3.8,3.8,2.8,3.8,3.3,3.8
1206825,4.3,4.8,3.8,3.7,4.3,3.8
10990411,3.6,3.8,3.6,3.6,3.8,3.6
181785,2.8,2.8,3.6,3.6,3.7,3.7
10761860,4.6,4.8,4.8,4.6,4.7,4.8
10964876,3.6,3.8,2.8,3.2,3.6,3.2
10101481,3.2,4.8,3.8,3.6,3.8,3.8
1206204,3.8,4.8,3.8,3.8,4.3,2.8
10843341,2.6,3.6,1.8,2.8,2.8,3.3
10813223,4.3,4.8,3.8,3.7,4.6,3.8
10894760,4.3,4.8,3.8,3.8,4.8,3.8
1201111,3.8,3.3,3.8,3.8,3.8,3.8
10780593,3.8,4.3,3.8,3.3,3.8,3.7
10341295,4.1,4.8,3.8,3.8,3.8,4.8
10784817,3.8,3.8,3.8,3.6,3.6,3.7
11004895,4.7,3.3,4.8,3.8,3.8,3.8
10789190,4.8,4.8,4.8,3.8,4.8,4.8
10913917,4.8,4.8,3.8,3.6,3.8,3.8
10461358,4.3,3.8,3.8,3.7,3.8,3.8
10672917,4.7,4.8,4.8,4.8,4.8,4.8
10982370,4.4,4.6,4.4,3.4,2.9,3.4
10750511,4.6,4.7,4.6,4.7,4.6,4.6
10952442,3.9,4.8,3.6,4.8,4.7,4.4
10764395,3.3,4.8,2.8,3.8,4.3,3.7
1200724,4.6,4.8,4.6,4.7,4.7,4.6
10619061,4.6,4.7,4.6,4.7,4.6,4.1
10210657,4.6,4.6,3.6,3.6,4.7,4.1
10914399,4.3,4.8,3.8,3.8,3.8,2.8
10910334,4.8,4.8,3.8,3.6,4.3,3.8
10599055,4.8,4.8,2.6,2.8,3.6,2.6
1203799,4.8,4.8,2.8,2.8,3.8,2.8
10856710,4.8,4.8,3.8,3.8,4.7,4.2
10921714,4.6,4.8,4.6,4.7,3.6,4.7
1290232,4.6,4.8,4.6,4.6,4.6,4.7
10026180,4.8,4.8,4.8,4.7,4.8,4.8
10998622,4.8,4.8,4.8,4.8,4.8,4.8
10417232,4.8,4.8,4.6,4.2,3.8,3.6
10823007,4.3,4.8,3.8,4.3,4.8,3.8
10720690,3.2,4.8,1.8,2.2,3.3,1.8
10928284,4.8,4.8,4.8,3.3,4.7,4.8
10891779,3.6,4.8,3.8,3.3,4.2,4.6
10768963,3.8,3.8,3.8,3.3,3.3,3.3
1290267,4.6,4.8,4.8,4.1,4.3,3.6
11017948,4.4,4.8,4.6,3.7,4.8,3.7
10099565,4.8,4.8,4.6,4.8,4.8,4.6
11017953,4.8,4.8,4.8,4.3,4.8,3.8
10826816,2.8,4.8,2.8,3.8,2.8,2.8
10826816,4.3,4.8,3.8,3.8,4.3,3.3
10555858,3.3,3.3,2.8,2.8,3.3,2.8
10717899,4.8,4.8,4.8,4.8,4.8,4.3
10449226,3.8,4.8,3.8,3.7,4.8,3.6
10797794,4.8,4.8,4.8,4.3,4.8,4.8
10835478,3.6,4.8,3.6,3.6,4.8,3.6
11018417,3.3,3.8,3.8,3.6,3.8,3.1
11022477,3.6,3.8,3.6,3.8,3.6,2.8
1200907,3.3,3.8,2.6,2.6,3.1,2.6
11026180,4.6,4.7,4.6,4.7,4,3.6
10844853,4.8,3.8,3.8,3.8,3.8,2.8
10508553,1.7,2.8,1.8,2.8,2.1,1.8
10816497,4.8,4.8,3.8,4.2,4.8,3.7
10800514,4.8,4.8,3.8,4.8,4.8,4.8
10933821,4.3,4.8,3.8,3.8,3.2,3.8
10773179,3.8,4.8,3.8,3.8,3.8,3.3
10947998,4.7,4.8,3.6,4.6,4.6,2.5
10281145,3.7,4.8,4.8,3.6,4.3,4.7
10979224,3.7,4.8,3.6,3.8,3.8,2.8
10364191,3.6,4.8,3.6,3.8,2.7,3.2
10812451,3.6,4.8,4.8,4.6,4.2,4.1
10644788,3.3,4.3,2.8,3.6,3.3,2.8
10826379,2.8,3.3,3.8,3.3,3.8,3.8
10924864,4.6,4.8,4.8,4.8,4.8,4.8
10454885,4.8,4.8,4.6,3.7,4.8,4.1
11033458,4.5,4.8,4.4,4.5,4.5,4.4
10947403,2.8,3.3,2.8,2.7,3.3,2.8
10764367,4.7,4.8,4.6,4.8,4.8,4.8
10601781,4.8,4.3,4.6,4.7,4.6,4.6
10910331,4.8,4.8,4.8,4.8,4.8,4.8
10806933,4.8,4.8,4.6,4.6,4.1,4.6
10847660,2.8,4.8,2.6,3.3,3.2,3.2
11021915,3.6,3.8,3.8,3.7,3.8,3.7
10663334,4.7,4.8,4.8,4.8,4.8,4.7
10913930,4.8,4.8,4.6,3.5,4.8,4.1
10847723,4.8,4.8,4.8,4.8,4.7,4.8
10747520,3.7,4.8,2.8,3.3,3.8,3.8
10994941,4.8,4.7,4.6,4.8,4.8,4.8
10914406,4.8,4.8,4.8,4.8,4.8,4.8
10914406,3.8,4.8,4.8,4.6,4.8,4.1
10552185,4.3,4.8,3.8,4.8,4.8,3.8
10856120,4.7,4.8,4.8,4.8,4.6,4.8
10769372,4.6,4.8,4.6,4.6,4.5,4.3
11026675,4.6,4.8,4.4,4.8,3.9,4.3
10823228,3.4,4.7,3.8,4.2,4.8,3.6
10956611,4.1,4.8,4.4,4.6,4.4,4.1
10425417,2.6,3.8,4.8,3.3,4.7,4.1
10810376,3.8,4.8,3.8,4.2,4.8,4.3
10937961,3.1,4.8,3.6,3.6,4.1,3.1
10736985,4.8,4.8,4.8,3.8,4.3,4.8
10914421,3.3,4.8,3.8,3.2,3.8,2.7
10421289,4.6,4.8,3.6,4.1,4.6,4.2
10892071,3.2,4.8,4.8,3.8,4.8,4.2
10104643,4.8,4.8,4.8,4.8,4.8,4.7
10964167,4.8,4.8,3.8,4.8,4.8,4.3
10784819,3.3,3.3,3.8,2.3,3.6,2.8
10221716,3.8,4.8,4.8,3.8,4.3,3.7
1210461,3,2.8,2.8,2,2.8,2.8
11014969,4.7,4.8,4.8,4.8,4.8,3.8
10813265,3.8,4.8,3.6,3.8,4.7,3.6
10941425,3.7,4.7,3.6,3.6,4.6,3.6
10877038,2.8,2.3,2.6,2.7,4.3,1.6
10938100,3.6,4.8,3.6,4.8,4.7,3.6
10788585,4.8,4.8,4.8,4.8,4.8,4.6
1204025,4.7,4.8,3.6,4.6,4.7,4.7
10660002,4.8,4.8,4.8,4.7,3.8,4.8
10432170,4.8,4.8,4.8,4.8,4.8,4.8
10789230,4.6,4.8,4.6,4.8,4.6,4.6
1200601,4.8,4.8,4.8,4.6,4.6,4.2
10784632,1.7,3.8,1.6,2.7,3.1,2.1
11040318,4.6,4.8,3.8,4.8,4.8,4.3
10365034,4.8,4.8,4.8,4.8,4.8,4.1
10915053,4.6,4.3,3.8,3.2,3.8,3.8
10899067,2.3,2.3,1.8,1.6,2.1,1.6
10605621,4.7,4.8,4.8,4.8,3.8,4.8
10990454,4.6,4.8,4.8,4.7,4.7,4.7
10552495,4.8,4.8,4.8,4.8,4.7,4.8
10016341,4.8,3.3,2.8,3.3,3.8,2.8
10788437,3.8,4.8,4.8,4.8,3.8,4.8
10466407,4.7,4.8,4.8,4.8,4.8,4.8
10998701,3.8,4.8,2.8,3.8,3.6,3.8
10421761,3.9,3.9,3.4,3.4,4.4,3.4
10020113,4.8,4.8,4.8,4.7,4.8,4.2
10396456,3.6,4.8,3.6,3.8,3.8,2.8
10826817,4.8,4.8,3.8,4.8,4.3,4.8
10964872,4.8,4.8,4.8,4.7,4.3,4.8
10933838,2.8,4.3,3.8,3.7,3.7,2.7
11030397,4.6,4.8,4.8,4.8,3.8,4.3
10940746,4.8,4.8,4.8,4.6,4.8,4.5
10776271,3.6,3.6,3.6,3.6,3.3,3.7
11020004,3.3,4.8,3.6,3.8,3.8,3.8
10784820,3.8,3.8,3.6,3.7,4.3,4.3
10736630,3.8,3.8,3.8,3.3,2.8,3.8
10673451,2.6,3.8,2.6,2.8,3.1,1.6
10734188,4.8,4.8,4.8,4.8,4.8,4.8
10015232,4.8,4.8,4.6,4.6,4.8,4.7
10229557,4.3,4.8,3.8,3.8,4.3,2.8
10041350,4.6,4.8,4.8,3.6,4.8,3.8
10805354,4.3,4.8,4.8,4.8,4.8,4.8
10856685,4.8,4.8,3.6,4.2,4.1,3.6
10690779,3.8,4.8,4.8,4.8,4.8,4.3
10366477,4.6,4.8,4.8,4.8,4.6,4.8
10645741,4.8,4.8,4.8,4.6,4.6,4.6
1205086,4.8,4.8,4.6,4.8,4.8,3.7
10990155,4.7,3.8,3.8,3.8,4.8,4.3
10990152,4.6,4.7,4.6,4.5,4.6,4.6
1290277,4.3,4.8,3.8,4.3,3.3,3.8
10747127,4.8,4.8,4.8,4.8,4.8,4.8
10964871,4.2,4.8,4.8,4.1,3.8,4.6
10814009,4.2,4.8,4.8,4.8,4.8,4.8
11004894,4.2,4.7,3.6,3.8,4.8,3.6
10982374,4.8,4.8,4.8,4.6,4.8,4.7
10429301,4.8,4.8,4.6,3.3,4.6,3.6
10910314,3.3,4.8,3.8,3.7,4.8,3.3
10294489,4.8,4.8,4.8,4.3,4.8,4.8
10407216,4.8,4.3,3.8,4.3,4.3,4.3
10960991,4.1,4.8,3.6,3.5,4.6,3.4
10991465,3.3,4.8,3.8,3.8,3.8,3.8
1290268,3.3,4.8,3.8,3.7,3.8,3.8
10812867,4.3,4.8,3.8,4.7,4.8,3.8
10563362,4.3,4.8,3.8,4.8,4.8,4.8
10563362,3.8,4.8,3.8,4.8,4.8,4.8
10819550,3.6,4.7,3.6,4.1,4.8,3.6
32168920,3.7,4.8,3.8,3.8,4.8,3.8
10913922,4.8,4.8,3.8,4.8,4.8,4.8
10551678,3.6,4.8,4.8,4.1,4.8,4.3
10828175,4.8,4.8,4.8,4.8,4.8,4.6
11008456,3.3,3.8,3.6,3.7,3.8,3.8
1202574,4.2,4.8,3.6,4.7,4.7,3.6
10837456,3.8,4.8,4.8,4.7,4.8,4.8
10847717,3.8,4.8,3.8,4.1,4.8,3.6
10991459,2.6,2.8,3.8,3.8,3.8,3.6
10784307,3.7,4.3,3.6,4.3,4.1,3
10826823,3.8,4.8,3.6,4.6,4.6,3.6
10375214,4.7,4.8,4.8,3.7,4.6,4.6
10819552,4.7,3.8,4.8,4.2,4.1,4.3
10501873,3.6,3.8,4.8,3.8,3.8,3.8
10750884,3.6,4.8,3.6,4,4.6,3.5
10496029,4.3,4.8,4.8,4.8,4.8,3.7
10973762,4.8,4.8,4.8,4.8,4.8,4.8
1203873,3.1,4.8,3.6,3.8,3.8,3.6
10964873,4.7,4.8,4.8,4.8,4.8,4.8
10467214,4.8,4.8,4.8,4.3,4.8,4.3
10323238,3.6,4.8,3.8,3.6,4.2,3.6
76745,3.8,4.8,3.8,3.7,3.8,3.2
10758456,4.7,4.8,4.6,4.8,4.8,4.6
11030735,3.1,4.8,3.6,4.1,3.8,3.6
11033665,3.8,4.8,3.8,4.3,4.8,4.3
1203948,4.2,4.8,3.8,4.3,4.8,3.8
10864563,3.8,4.3,3.6,3.6,3.6,2.6
10723296,4.7,4.8,4.8,4.8,4.7,3.3
11001785,4.8,4.8,3.6,3.8,4.8,3.8
10400727,2.8,4.8,2.8,3.8,3.7,3.3
10191547,4.8,4.8,4.6,4.6,4.7,4.6
10937964,3.8,4.8,3.8,3.8,3.8,3.3
10847674,3.3,2.8,3.8,2.8,3.8,2.8
11004907,4.8,4.8,4.8,4.8,4.8,4.8
10484844,4.3,4.7,3.8,4.8,4.8,4.2
10906512,3.8,4.3,3.8,3.8,3.8,3.8
10961000,3.8,4.3,3.8,3.8,3.3,3.1
11009861,3.7,4.8,3.8,3.7,4.2,4.3
10859164,3.7,4.8,3.8,3.7,4.7,3.8
10723966,4.7,4.8,4.8,4.8,4.3,4.3
10917721,4.7,4.8,4.8,4.7,4.8,4.8
10761870,4.8,4.8,3.6,4.2,3.8,3.6
10247571,2.8,2.8,2.8,2.7,2.6,2.8
10371931,3.8,4.8,3.8,3.8,3.6,3.8
10568521,3.8,4.3,3.8,3.8,3.8,3.8
10937962,3.7,4.3,3.6,3.6,3.7,3.6
10826378,4.3,4.8,3.8,3.8,3.3,3.8
11004904,4.2,3.8,3.6,3.8,3.8,3.6
10921718,4.7,4.8,3.8,3.6,3.7,4.7
10850975,3.7,4.8,3.6,3.8,3.3,3.8
10502564,3.8,4.8,3.8,3.8,3.8,3.8
10850043,4.1,4.8,3.6,3.6,3.5,3.4
10354284,4.8,4.8,4.8,4.3,3.8,4.8
10844841,4.7,4.8,4.8,4.2,4.6,4.6
10820269,4.7,4.8,3.8,4.7,4.8,4.3
10370804,4.1,4.8,4.8,4.8,4.3,4.8
10765323,4.8,4.8,4.8,4.8,3.8,3.8
10391359,3.8,4.8,3.6,3.7,4.8,3.7
10800355,3.7,4.3,3.8,3.8,3.7,3.7
10859104,4.5,4.6,4.6,3.9,4.6,3.6
10903322,3.7,4.7,3.6,3.6,4.1,2.6
10880035,4.8,4.8,4.8,4.8,4.8,4.8
10844874,4.8,4.8,4.8,4.8,4.8,3.8
10015304,4.3,4.8,3.8,4.8,3.3,2.8
10968939,4.1,4.8,4.6,4.6,4.8,3.5
10830501,4.8,4.8,4.8,4.8,4.8,4.8
10779222,4.8,4.8,4.8,4.2,4.8,3.1
10933834,4.8,4.8,4.8,4.8,4.8,4.8
10684150,4.8,4.8,4.6,4.8,4.6,3.6
10883213,4.8,4.8,4.8,4.8,4.8,4.7
10883213,4.8,4.8,4.8,4.8,4.8,3.8
10714861,4.2,4.8,3.8,3.7,3.8,3.8
10913930,3.7,4.8,3.6,4.6,4.3,3.6
1203766,3.8,4.8,3.6,3.7,3.6,3.1
10563359,4.3,4.8,3.8,4.8,3.8,3.8
10461335,3.8,4.8,4.8,3.8,4.8,3.6
10533038,4.6,4.8,4.6,4.5,4.4,4.4
10958213,4.8,4.8,4.6,4.8,4.8,4.1
11030457,4.8,4.8,4.8,4.8,4.8,4.8
10823617,4.2,4.8,3.6,3.8,3.8,3.8
11021511,4.3,4.8,4.6,3.8,4.7,3.8
10819885,4.7,4.8,4.8,4.8,4.8,4.8
10844849,4.1,4.7,4.8,4.1,4.7,4.6
10729489,4.8,4.8,4.8,4.8,4.8,4.8
10973761,2.8,4.8,2.8,3.7,3.8,3.7
10801745,4.3,4.8,3.6,3.8,3.8,3.7
1201031,4.8,4.8,3.8,3.8,4.8,3.8
10903331,4.6,3.8,3.6,3.6,2.5,3.5
10241599,4.8,4.8,3.6,3.6,3.8,3.8
10424596,4.3,4.8,3.8,3.8,3.8,3.8
10906526,3.7,4.8,2.8,3.3,3.3,2.7
1290347,4.8,4.8,3.8,4.8,4.8,3.8
10850947,4.1,4.8,4.6,2.8,3.1,3.1
11011348,2.6,4.3,2.6,3.1,3.7,2.6
10956610,3.7,3.8,3.6,3.7,3.8,2.8
10837782,4.6,4.8,4.8,4.3,4.6,3.8
10776367,4.3,4.8,4.8,4.6,4.6,4.1
10723296,3.3,3.8,3.8,3.7,3.8,3.3
1200778,4.8,4.8,4.6,3.7,4.8,3.8
10230050,3.3,3.8,3.8,3.8,3.3,2.8
1202613,3.2,3.8,3.6,2.6,3.6,2.4
10981648,3.6,4.8,3.8,3.3,3.3,2.7
10224708,4.8,4.8,4.6,4.6,4.8,4.5
10974370,4.8,4.8,3.8,4.8,3.6,3.8
11014959,4.8,4.8,4.8,4.8,4.8,4.8
10640917,4.3,4.8,3.6,3.7,4.8,4.3
10840988,4.8,4.8,4.6,4.8,4.8,4.6
10040799,4.8,4.8,3.8,4.8,3.8,3.8
10043154,4.8,4.8,4.8,3.7,3.6,3.8
10137051,3.8,4.8,3.6,3.6,3.6,3.6
10740405,4.2,4.8,4.8,4.8,4.8,4.8
10663977,4.6,4.8,3.8,4.1,3.8,3.5
10860278,4.7,4.8,3.8,4.7,4.8,4.3
10837791,3.8,3.8,2.8,3.8,3.3,2.8
10882886,3.3,2.8,3.6,3.6,2.7,3.6
10449523,3.8,4.8,3.8,3.8,4.8,3.8
10776366,3.6,4.8,2.6,3.1,4.1,2.8
11030535,4.8,4.8,3.8,4.8,4.8,3.3
10693186,3.8,3.8,3.8,3.8,3.8,3.7
1202626,4.8,4.8,4.6,4.2,4.8,4.2
10789222,3.6,3.6,2.6,3.6,3.6,3.6
10871741,4.8,4.8,3.8,4.7,4.6,3.6
10252867,4.6,4.8,4.8,4.3,3.8,4.6
10731219,4.8,4.8,4.8,4.8,4.8,4.3
1290265,4.7,4.8,3.8,4.1,4.8,4.3
10906517,4.8,4.8,3.6,3.7,3.8,3.6
11011967,4.3,4.8,4.8,4.8,4.7,4.8
1200815,4.8,4.8,3.8,4.8,4.8,3.8
10446128,3.8,4.8,4.8,4.3,4.3,3.8
10759376,2.8,2.7,2.8,3.2,2.8,2.8
10462066,4.8,4.8,4.8,4.3,4.8,4.3
1201232,4.8,4.8,3.8,4.3,4.8,3.8
10933832,3.8,3.8,4.8,3.8,3.3,3.8
10402973,4.8,3.3,3.8,3.8,2.6,3.7
10615970,3.8,3.8,2.8,3.8,3.8,3.3
10800865,4.7,4.8,4.8,4.3,4.6,4.8
10847657,4.8,4.8,3.8,4.8,4.3,3.8
10723306,4.3,4.8,2.8,4.6,3.6,3.3
10723306,4.8,4.8,4.8,4.8,4.7,4.8
10835793,3.8,4.8,3.8,3.8,4.8,3.8
10888548,3.8,2.8,2.8,3.8,3.3,3.3
10855915,3.8,4.8,3.8,3.8,4.3,3.7
10703417,4.8,4.8,4.8,3.8,4.8,4.8
1204095,4.8,4.8,4.8,4.3,4.8,4.8
10750510,3.8,4.3,2.8,3.8,3.7,3.8
10951163,4.6,4.8,4.6,3.6,4.6,2.6
10700623,4.8,4.8,4.6,4.6,3.7,4.6
10864887,4.8,4.8,4.8,4.3,4.8,4.8
10297713,3.8,4.8,3.8,3.8,3.8,3.8
10119945,2.6,3.8,2.8,3.3,3.8,3.3
10397646,2.8,4.3,2.8,3.6,3.7,2.8
10819881,3.8,4.3,3.8,3.8,3.8,3.8
11004898,3.8,4.8,3.6,4.1,4.6,3.6
10968920,4.7,4.8,4.8,4.8,4.8,4.6
10951385,4.7,4.8,3.8,4.3,4.3,3.8
10643566,3.3,4.8,3.8,4.1,4.8,3.2
10937400,4.8,4.8,4.6,4.6,4.7,4.6
11020315,4.7,4.8,3.8,3.6,4.7,3.8
10917723,4.6,4.8,3.6,3.7,3.6,3.6
10880026,2.8,3.8,3.8,3.2,3.3,3.8
10346602,4.2,4.8,3.8,4.6,4.6,3.6
10837783,3.6,4.6,4.6,3.6,3.6,4.6
10822706,4.8,4.8,4.6,3.7,3.7,4.2
10914408,4.7,4.8,2.8,3.8,4.8,3.7
10519216,3.1,3.8,2.8,3.6,2.6,2.6
10806925,4.8,4.7,3.8,3.8,3.8,3.8
10417336,4.7,3.8,3.8,3.6,3.6,4.2
10729817,4.8,4.8,4.8,3.8,4.8,4.8
10673458,4.8,4.8,4.8,4.7,3.8,4.6
181448,3.8,4.8,3.6,3.7,3.6,2.6
10994901,4.8,3.8,4.8,3.6,3.6,4.1
10783080,4.8,4.8,4.6,4.3,4.8,3.7
10561009,4.8,3.8,4.6,3.8,3.1,4.5
10956595,3.6,4.3,2.6,3.6,3.6,2.6
10826382,4.7,4.8,4.6,4.8,4.8,4.6
10717719,3.7,4.8,3.6,3.6,3.7,3.6
10823620,3.8,3.3,2.8,3.3,3.8,3.3
10951379,2.6,3.8,1.6,2.5,3.7,1.6
11005794,3.8,4.8,3.6,3.8,4.8,4.3
11001784,3.8,4.8,3.6,4.7,3.3,3.6
11014962,4.8,4.8,3.6,4.8,4.3,3.8
10961034,3.8,3.8,2.6,3.8,3.3,3.3
11042359,3.6,4.3,3.6,3.6,3.6,4.5
1201022,3.6,4.8,2.8,3.2,4.6,2.6
10772227,2.8,2.8,3.8,2.2,2.8,3.7
10990151,3.6,2.8,2.8,2.3,3.8,2.8
10643442,4.7,4.8,3.6,4.3,4.1,2.5
11026221,4.6,4.6,4.4,4.6,4.6,4.5
10894777,3.8,4.8,3.6,3.8,3.8,2.6
11009863,4.8,4.8,4.8,4.8,4.3,4.8
10700611,3.8,4.8,2.6,3.8,3.7,3.1
10960998,4.8,4.8,4.8,2.8,4.3,4.7
10920390,4.8,4.8,4.8,3.8,4.8,3.8
10653719,4.8,4.8,4.8,4.8,3.8,3.8
10922497,4.7,3.8,4.8,4.6,4.1,3.6
10960561,4.7,4.3,3.8,3.8,3.8,3.8
10947990,4.8,4.8,4.8,3.6,3.8,3.7
10686832,4.8,4.8,3.8,4.3,4.8,3.8
10583745,4.7,4.8,2.6,3.8,3.6,3.6
10993880,2.7,3.8,2.8,2.7,3.7,2.6
10523105,4.8,4.8,4.8,3.8,4.8,3.3
10210270,3.8,3.8,3.8,3.8,3.8,3.8
10979222,4.6,4.8,3.6,4.8,4.7,3.8
10789224,4.8,4.8,4.8,4.8,3.8,3.6
10759390,2.8,2.8,2.8,2.8,2.8,2.8
10940749,4.8,4.8,3.6,4.7,4.6,3.6
10947412,4.2,4.3,3.8,4.3,4.8,3.8
11004910,3.8,4.8,3.6,3.8,4.8,3.6
10202594,3.8,4.8,3.8,3.2,4.8,3.8
10758470,3.9,4.8,3.6,4.1,3.6,2.9
10819535,3.8,4.8,3.8,3.8,3.8,3.8
10985814,4.8,4.8,4.6,4.2,3.6,3.6
10848094,3.3,3.8,3.8,3.8,2.8,1.8
10552733,3.3,3.8,2.8,3.8,3.8,2.8
10994881,4.8,4.8,4.8,4.3,4.6,4.7
10810371,4.8,4.8,4.8,4.3,4.8,4.8
10973757,4.6,4.8,4.6,4.6,4.8,4.8
10319286,4.3,4.8,3.8,4.8,4.8,4.8
10167774,3.8,4.8,3.8,4.3,4.2,3.8
10623199,4.8,4.8,4.8,4.8,4.8,4.8
10386005,4.8,4.8,4.8,4.7,4.8,4.8
10601531,3.8,3.7,4.8,3.7,2.8,4.6
10831595,2.8,3.3,3.6,3.3,2.6,3.5
10830504,2.8,3.8,3.8,3.8,3.3,3.8
10961007,3.7,3.8,3.8,3.7,2.7,3.7
10937968,4.3,4.8,3.6,4.3,4.6,4.1
10120173,3.3,3.3,2.8,3.8,2.8,2.8
11014958,3.7,3.3,4.8,3.8,4.3,4.8
11028755,4.6,3.8,4.6,4.7,4.8,4.3
10684142,3.7,3.3,3.8,4.1,3.5,2.6
10810378,3.8,4.8,3.8,4.3,4.3,3.8
10738753,4.8,4.3,3.6,4.3,4.8,3.6
10874810,4.8,4.3,4.8,4.8,3.8,4.8
10796670,3.3,4.3,3.8,3.3,2.8,3.2
10906527,3.8,4.8,3.8,4.3,4.8,4.3
1203903,3.4,4.6,3.4,3.4,3.5,2.9
11020011,4.4,4.8,4.6,4.7,4.1,4.6
10761249,2.8,4.8,3.6,3.8,3.1,2.7
10279038,4.8,4.8,3.6,4.3,4.8,3.6
10582292,4.8,4.8,4.8,4.3,4.8,4.3
11032134,4.6,4.8,3.6,3.8,3.7,3.6
10823005,4.8,4.8,4.8,4.8,4.8,4.6
10353618,3.3,3.8,2.8,3.8,3.8,2.8
10510599,4.8,4.8,3.6,3.6,4.3,3.8
10861852,3.7,4.8,4.6,3.6,4.8,3.6
10673450,3.8,4.8,3.8,3.8,4.3,3.8
10241617,3.3,3.8,3.8,3.7,3.6,2.6
10835481,2.8,3.3,1.6,2.6,2.8,2.2
10882889,4.6,4.8,4.6,4.6,4.8,4.4
10892076,3.8,3.8,2.8,3.3,3.7,3.2
10850961,4.8,4.8,4.6,4.8,4.8,4.8
10215211,4.8,4.8,4.8,4.6,4.7,4.2
10743470,2.8,4.8,2.8,3.8,3.8,3.8
10176660,4.8,4.8,4.8,4.8,4.8,4.8
10823230,4.5,4.8,4.8,4.6,4.7,4.8
10479005,4.8,4.8,4.8,4.3,4.8,3.8
10584455,4.3,4.3,3.8,4.3,3.8,3.8
10020223,4.8,4.8,4.8,4.8,4.8,4.8
11026661,4.6,4.8,4.6,4.8,4.7,3.6
1205411,4.8,4.8,4.8,4.6,4.4,4.6
10819551,3.7,4.8,4.8,4.7,4.8,4.6
10822984,2.7,4.8,2.8,3.8,3.3,2.6
10750534,4.7,4.8,4.8,4.8,4.3,3.6
10903312,3.7,4.8,3.8,3.6,3.8,4.2
10847727,3.8,4.3,3.8,3.8,4.8,3.8
10643443,4.3,3.3,2.8,3.8,3.7,3.2
10921698,4.8,4.8,4.8,4.8,4.8,4.8
10871749,3.6,4.8,3.8,3.6,4.7,3.7
10549095,3.8,4.3,3.8,3.8,3.8,3.8
10729811,4.8,4.8,4.8,4.6,4.7,4.6
10503036,4.8,4.8,3.8,4.3,3.8,3.8
10657124,3.2,4.8,2.6,2.6,3.6,2.7
10395742,3.6,4.8,3.8,3.8,3.8,3.8
10562914,4.8,4.8,4.8,4.8,4.3,4.8
10898681,3.8,4.8,3.8,4.8,3.8,3.8
10816496,3.8,3.8,3.6,3.8,3.8,3.8
10670282,3.8,3.8,3.8,3.8,3.8,3.8
10633095,3.3,3.8,3.8,3.8,3.8,3.3
10042924,2.8,3.3,2.8,2.8,3.3,2.8
10274413,3.3,3.8,3.8,3.8,3.8,3.8
10973765,3.2,2.8,2.8,2.8,2.8,2.8
10913908,3.8,3.8,3.6,3.7,3.7,3.6
1200692,4.8,4.3,3.8,3.8,4.3,4.8
10568438,3.7,3.3,3.8,3.7,3.8,3.3
11033219,3.6,3.6,3.6,3.6,3.6,3.5
10847016,4.8,4.8,4.8,4.8,4.8,4.8
11033801,4.2,4.7,4.6,4.1,4.1,4.6
10964863,2.8,4.8,2.8,2.8,3.8,2.7
10888516,3.8,4.2,3.4,3.4,3.7,3.4
10933840,3.6,4.7,3.8,4.6,3.6,3.7
10877045,3.6,4.8,3.6,4.3,4.5,4
10267627,4.3,4.8,4.8,4.1,4.8,3.8
11045623,3.7,4.6,2.6,2.7,3.8,2.7
1201060,3.7,4.8,3.8,3.8,4.3,3.7
10910311,3.2,3.8,3.6,4.3,3.7,3.2
10416796,3.3,4.3,3.8,3.8,3.8,2.8
10442410,3.3,3.8,2.8,3.3,2.8,2.8
10903311,4.8,4.8,4.8,4.8,4.6,4.3
10646787,4.8,4.8,4.8,4.8,4.8,4.8
11001766,4.8,4.8,4.8,4.8,4.8,4.8
10605594,4.3,4.3,4.8,3.8,4.8,3.3
10991467,4.6,4.8,3.8,4.8,3.8,4.7
10782836,4.3,4.8,3.8,3.8,3.8,3.8
10985530,2.5,4.6,2.4,3.4,2.5,2.4
10779226,4.8,4.8,4.8,4.2,3.8,4.3
10571865,4.7,4.8,4.8,4.1,4.1,3.6
10850969,4.7,4.8,4.6,4.5,4.8,4.6
10039632,4.3,4.8,3.8,4.7,4.2,3.6
10928266,4.4,4.8,4.8,4.7,4.8,4.6
1204249,3.6,4.8,3.6,3.6,3.7,3.1
10492686,4.3,4.8,4.8,4.3,4.3,4.8
10956614,3.6,3.8,3.8,3.6,3.6,3.8
10990455,3.8,4.8,4.6,4.8,4.7,4.1
10810331,4.8,4.6,4.4,3.7,4.8,3.6
11020300,4.8,4.8,4.8,4.8,4.7,4.3
10449503,3.8,4.8,3.6,3.7,3.8,3.6
10466407,4.8,4.8,3.8,4.8,4.8,3.8
1205416,4.5,4.8,4.6,3.6,4.8,4.6
10830506,3.8,3.8,4.8,4.3,4.3,4.8
10720054,4.2,4.8,3.8,4.3,3.6,3.6
10259728,4.8,4.8,3.8,3.8,3.7,2.8
10107744,3.8,4.3,2.8,4.1,4.1,3.3
10764382,4.8,4.8,4.8,4.8,4.8,4.8
11021444,4.3,4.8,3.6,3.8,4.7,3.6
11021507,4.8,4.8,4.6,4.4,4.8,4.4
10359014,4.8,4.8,4.8,4.8,4.8,4.7
10921715,2.8,3.8,1.8,3.3,3.3,2.8
10442561,4.3,4.8,4.6,3.8,4.6,4.6
10850965,4.6,4.7,3.8,3.6,4.7,3.6
10913953,4.8,4.8,3.8,4.8,4.8,4.7
10727148,3.7,4.3,3.6,4.5,4.5,3.5
181449,3.2,4.3,3.8,3.1,3.6,2.7
1200556,4.8,4.8,4.8,4.8,4.8,4.8
10614486,3.3,3.8,3.8,3.8,3.8,2.7
11039026,3.8,4.8,3.8,3.8,4.8,3.6
10385659,3.8,4.8,4.6,3.6,4.7,3.6
10788434,3.8,4.8,3.8,3.8,3.8,3.8
10743473,2.8,4.3,2.8,3.7,3.3,3.3
10648160,4.8,4.8,4.8,3.8,4.3,3.8
11014963,3.8,3.8,3.6,4.3,3.6,3.4
10742917,3.8,4.8,3.8,3.8,3.8,3.3
10502573,3.8,4.3,3.8,3.8,3.8,3.8
10621378,4.3,4.8,4.6,3.7,4.6,4.6
10648160,2.8,4.8,3.8,3.8,3.8,3.8
10182480,4.6,4.8,4.8,4.2,4.3,4.8
10734177,3.8,4.3,3.8,2.8,3.8,3.2
10589677,4.6,4.8,4.8,3.7,3.8,4.1
10961001,3.1,4.8,2.8,3.7,3.8,3.6
10457619,3.5,4.8,4.6,4.1,4.1,3.6
11026208,4.4,3.8,4.4,4.1,4.4,3.4
11017950,4.7,4.8,3.8,3.8,3.8,3.8
11008806,3.6,4.3,2.6,2.6,3.3,3.3
10277566,4.6,4.8,4.6,4.6,4.8,4.7
10199717,4.8,4.8,4.8,4.6,4.7,4.8
1290214,4.8,3.8,3.8,4.6,4.6,4.3
10652068,4.6,4.8,4.8,4.7,4.2,3.7
10758469,3.8,4.8,4.8,4.8,4.8,4.8
10490929,3.8,4.3,3.8,3.8,3.8,3.3
10684137,4.6,4.8,3.6,4.6,4.6,4.8
1203872,3.8,4.8,4.8,4.8,3.8,2.8
10858319,4.8,3.8,3.8,4.6,4.7,4.6
10910316,3.6,4.8,4.6,4.1,4.2,4.1
10720687,4.7,4.8,4.8,4.8,4.7,4.6
10461358,4.8,3.8,3.8,4.8,4.7,3.8
10537108,4.8,4.8,4.8,4.7,4.3,4.6
10791099,4.8,4.3,4.6,4.8,3.8,4.7
10808810,3.7,4.8,4.8,3.6,3.7,4.6
10194103,4.8,4.8,4.8,4.3,3.8,4.3
10816172,4.7,4.8,4.8,4.6,4.6,4.6
10555766,3.8,4.7,4.6,3.8,4.7,4.6
10773490,4.6,4.8,4.8,4.7,3.8,4.2
10705555,4.3,4.8,3.8,4.8,4.8,4.6
10835489,4.6,4.8,3.6,4.6,4.7,4.1
10737096,4.8,4.8,3.8,4.3,3.8,3.8
10684151,4.6,4.8,4.8,4.8,4.8,4.3
10998700,3.8,4.8,3.8,4.3,3.8,3.8
1290220,4.7,4.8,3.6,4.7,4.7,3.7
10828166,4.8,4.8,4.8,4.8,4.8,4.8
10933802,3.6,4.2,2.6,3.3,2.6,3.1
10737107,3.8,4.3,3.8,3.8,3.3,3.3
10791112,3.6,4.3,3.6,3.8,3.7,3.7
10551678,4.8,4.8,4.8,3.8,3.8,4.8
10171716,3.8,4.3,3.8,4.3,3.3,3.8
10476000,3.8,4.8,3.8,3.8,3.8,3.8
1207026,1.8,2.8,2.8,2.8,2.8,2.8
11028962,3.6,4.8,3.6,3.6,3.6,3.6
10650863,3.8,4.8,3.8,3.8,3.8,3.8
10808815,4.8,4.8,4.8,3.8,4.8,3.8
10859101,4.1,4.8,4.8,3.8,4.2,3.7
10818898,4.6,4.8,4.6,4.8,4.8,4.6
10819534,4.7,4.8,4.8,4.7,4.7,4.8
10750133,3.6,4.8,4.6,3.8,4.8,4.3
10879650,4.8,4.8,3.8,4.3,4.3,4.3
10367000,4.8,4.8,3.8,4.1,3.8,3.8
10203956,4.6,4.8,4.6,4.6,4.6,4.6
10960986,4.8,4.8,4.8,4.1,4.7,3.6
10906528,4.8,4.8,3.6,3.8,4.1,3.6
10960987,4.3,4.8,4.8,3.8,3.8,3.7
10605618,4.8,4.8,4.8,4.8,4.8,4.8
11009862,3.6,4.8,3.8,3.8,4.8,3.6
10750510,3.8,4.8,3.8,4.3,4.8,4.3
10529445,4.8,4.8,3.8,3.8,4.8,4.3
10401452,4.3,4.8,4.8,4.8,4.8,4.2
10212341,3.8,4.8,3.8,3.7,4.8,3.8
10928299,4.7,4.8,4.6,3.7,4.8,3.6
10590722,3.8,4.8,4.8,4.3,4.8,2.8
10835479,4.8,4.1,2.8,3.3,3.8,2.8
10761880,4.3,4.8,3.8,4.8,3.8,2.8
10975044,4.1,4.7,4.6,4.6,4.6,3.4
10505387,4.7,4.8,3.8,4.8,4.7,4.7
10287262,4.8,4.8,4.8,4.7,4.8,4.8
10933829,3.8,4.8,2.8,2.7,2.8,2.7
10281812,3.8,4.3,3.8,3.3,3.3,2.8
10661419,4.2,4.8,3.6,3.7,4.5,4.5
10960989,3.6,4.6,4.6,4.7,4.6,4.6
10659924,3.8,4.8,4.8,4.3,4.8,4.3
10316001,4.5,4.6,4.6,4.4,4.6,4.6
10791673,4.8,4.8,4.8,4.8,4.8,4.8
10810401,4.8,4.8,4.8,4.8,4.8,4.8
10762057,4.3,4.8,4.8,4.8,4.7,3.8
1201454,4.7,4.8,4.8,4.8,4.7,4.8
10666999,3.8,4.8,4.8,4.8,4.8,4.8
10666855,3.8,4.8,4.6,4.3,4.3,3.8
1204006,3.8,2.8,4.6,3.8,3.6,3.6
10403490,3.8,4.8,4.8,4.8,4.8,3.8
10956943,4.2,4.8,4.8,4.8,4.8,3.8
10977932,4.8,4.8,4.8,4.8,4.8,4.6
10796661,3.8,4.8,3.8,4.6,4.3,3.8
11017942,3.8,4.8,3.8,4.8,4.3,2.8
1203347,4.8,4.8,4.8,4.3,4.8,4.8
10750503,3.8,4.8,4.8,3.6,4.8,4.3
10880019,4.7,4.8,4.8,3.8,4.3,4.8
11038261,4.8,4.8,4.6,3.8,4.8,4.2
10816505,3.7,4.8,3.8,3.8,4.6,3.8
10232132,3.8,4.8,3.8,3.8,4.8,3.8
11036853,4.6,4.8,4.8,4.6,4.6,4.6
10750511,4.1,4.7,3.6,4.6,4.6,3.6
11011974,3.1,3.8,2.6,2.8,2.8,2.6
10643516,4.3,4.8,3.8,3.6,4.8,3.8
10910322,4.6,4.8,3.4,3.6,4.8,3.1
10011776,4.8,4.8,4.8,4.7,4.8,4.8
10737099,3.8,3.3,2.8,2.8,2.8,2.8
10906531,2.8,2.8,1.8,2.3,2.3,2.3
10994938,3.8,3.8,2.6,2.8,3.2,3.6
10823234,3.6,3.7,3.6,3.6,3.6,3.6
10990148,2.8,4.3,2.6,3.2,3.6,2.5
10985528,3.8,4.8,4.6,3.8,4.1,4.1
10823235,2.6,3.6,3.4,3,3.6,2.4
10864888,4.8,4.8,4.8,4.3,4.3,3.8
11001777,4.8,4.8,4.8,4.8,4.8,4.3
10484786,3.8,4.8,3.8,2.7,3.8,3.8
10793724,3.1,4.8,2.6,3.6,3.8,2.6
10657316,3.6,4.8,3.8,3.3,3.8,3
11040979,3.8,4.8,3.8,3.8,4.3,3.8
10883214,3.8,3.7,3.8,4.8,3.8,3.6
10810355,4.8,4.8,4.8,4.8,4.8,3.8
10053341,4.8,4.8,4.8,4.3,4.8,3.8
11011351,3.6,4.8,4.6,4.1,3.6,3.4
10958205,4.6,4.8,4.4,3.5,3.7,4.6
10441357,4.3,4.8,3.8,3.6,3.8,3.6
10779610,3.7,4.3,3.6,3.1,3.6,3.6
10490145,4.8,4.3,4.6,3.7,3.6,4.7
10844872,3.8,4.8,3.8,3.8,4.3,3.2
10803460,3.6,4.7,4.6,4.6,4.6,4.6
10795000,4.3,4.3,3.8,3.8,3.8,3.8
10898685,4.8,4.8,4.8,4.8,4.8,4.3
10478560,4.8,4.8,4.8,4.8,4.8,4.1
10819546,4.8,4.8,4.8,4.8,4.8,4.3
10898690,4.6,4.8,4.6,4.6,4.6,4.4
10502571,4.8,4.8,4.6,4.7,4.8,4.1
10898688,3.8,4.8,2.6,2.8,4.8,2.5
10727258,3.8,4.8,2.8,3.8,4.8,3.8
10952454,4.8,4.8,4.8,4.3,3.8,4.8
10956603,4.8,4.8,3.6,3.7,3.8,3.7
10743451,4.6,4.8,4.8,4.8,3.8,4.6
10990101,4.8,4.8,4.8,4.8,4.8,3.8
10788447,4.3,4.8,3.8,3.7,4.1,4.3
10741077,3.8,3.8,3.8,3.3,4.2,3.3
10563360,4.8,4.8,4.8,4.1,4.6,4.3
10568411,4.8,4.8,4.8,4.6,4.1,4.8
1201005,3.8,4.8,4.8,4.3,3.8,3.8
10810365,4.8,4.8,4.8,4.8,4.6,4.8
10910315,4.3,4.8,3.6,4.6,4.3,3.6
10460768,4.6,4.8,4.6,4.5,4.8,4.6
10844875,4.6,4.8,4.6,4.8,3.8,4.6
10380253,4.1,4.6,3.6,3.6,3.6,3.6
10914400,4,4.8,3.8,4.1,4.3,3.5
10810402,4.8,4.8,4.6,4.7,4.7,4.5
10864564,4.6,4.8,3.6,3.8,4.6,4.1
10684789,4.6,4.6,4.4,4.4,4.6,4.6
10684789,3.6,4.6,3.4,3.6,4.4,3.5
10801264,4.8,4.8,4.8,3.7,4.8,4.1
10899115,3.6,4.6,3.6,3.8,4.8,3.6
10692646,4.3,4.8,3.6,3.6,4.6,3.6
10469557,4.8,4.8,4.8,4.8,4.3,4.8
10068122,4.3,4.8,4.6,4.7,4.7,3.6
10994899,4.8,4.8,4.8,4.8,4.8,4.5
10928282,4.8,4.8,4.8,4.8,4.8,4.2
10822709,4.8,4.8,4.8,4.8,4.7,4.2
10711862,4.8,4.8,4.6,4.8,4.8,4.6
11011346,4.3,4.8,4.8,3.8,3.8,4.3
10552513,4.8,4.8,4.8,4.3,4.8,4.1
10813247,4.7,4.7,4.6,4.2,4.8,4.6
110449883,4.1,4.8,4.8,4.2,4.6,4.1
10979617,3.6,4.6,3.6,3.1,3.6,3.6
10813247,4.8,4.8,4.8,4.8,4.7,4.8
10964855,3.8,4.8,2.8,3.8,3.8,2.7
10924868,4.3,4.8,4.6,4.2,3.8,3.8
10715022,2.7,4.8,2.6,3.6,3.8,3.1
10888553,4.7,4.8,4.6,4.7,4.3,4.7
10574601,3.8,3.8,3.8,3.8,3.8,3.8
11029119,3.7,4.8,3.6,3.6,4.8,3.7
10759491,4.3,4.8,3.8,3.8,3.8,3.8
11001783,4.8,4.8,4.8,4.3,3.8,3.8
10776386,3.7,3.8,3.6,3.7,3.6,3.6
10245774,2.8,3.8,3.8,2.8,3.8,3.8
10933806,3.6,3.6,3.6,3.6,3.6,3.6
10837792,3.8,4.3,3.8,3.8,4.8,4.8
10593767,4.8,4.3,4.8,3.6,3.8,3.2
1201733,4.7,4.8,4.8,3.8,3.8,3.2
10683778,4.8,4.8,4.8,3.8,4.8,4.3
10994931,4.3,4.8,4.6,3.3,3.5,3.8
10887978,4.8,4.8,4.8,3.6,4.7,4.3
11030790,3.8,4.3,3.8,3.8,4.8,3.8
10806867,3.1,4.8,3.6,2.6,3.6,3.7
10793953,4.1,4.8,4.6,3.6,4.8,4.2
10015273,3.7,4.8,2.6,3.6,3.6,2.6
10814927,2.8,2.3,2.8,2.6,2.4,2.1
10814287,3.3,4.3,2.8,3.3,3.8,2.8
10505633,3.8,4.8,3.8,3.7,4.3,3.7
10933790,3.8,4.8,3.8,3.8,4.7,3.8
10836774,4.3,4.8,4.8,3.8,4.8,4.8
10917722,3.6,3.8,3.6,3.5,4.1,3.6
10848697,4.6,4.6,4.6,4.5,4.4,4.5
1202744,4.8,4.8,4.6,4.7,4.8,4.3
10856118,4.6,4.8,4.6,4.6,4.6,4.5
10835798,4.1,4.8,4.6,4.7,4.7,4.6
10690815,3.7,3.8,3.6,3.6,3.8,3.6
10921777,4.1,4.8,4.8,3.8,4.6,4.4
10828175,3.8,4.8,4.8,3.8,3.8,4.8
10880033,3.8,3.8,3.8,3.8,3.8,3.6
10920381,2.8,3.7,3.8,3.5,3.8,3.8
10015716,3.1,3.8,3.6,3.1,3.6,3.6
10556768,4.3,4.8,4.8,3.8,4.3,4.8
10969710,4.8,4.8,3.8,4.3,4.7,3.8
10730187,4.6,4.8,4.8,4.8,4.8,4.8
10813261,3.8,3.8,3.8,3.8,3.8,3.7
1201450,3.8,4.7,3.8,3.8,2.8,2.8
10779666,4.8,4.8,3.8,4.8,4.3,4.3
10899078,3.8,4.8,3.8,4.3,3.6,3.6
10237101,3.7,3.8,3.6,3.2,3.7,3.6
10880005,3.6,3.8,3.8,4.3,3.8,4.3
10510598,4.3,4.8,4.8,4.3,4.3,4.8
10960999,3.8,3.8,3.8,3.8,3.7,3.7
10621386,3.8,4.8,3.8,3.8,3.8,3.7
10994923,4.1,4.8,4.6,4.2,4.8,4.6
10820337,4.8,4.8,4.8,4.3,3.8,4.8
11035588,4.8,4.8,3.8,3.8,3.8,3.8
10739478,3.8,4.8,3.8,2.8,3.3,3.8
10903319,3.6,2.8,3.6,3.6,3.8,3.6
10371157,3.8,3.8,3.8,3.2,2.8,4.3
10594741,3.8,4.8,3.8,3.8,4.8,3.8
11047706,3.3,3.8,2.8,3.8,2.8,1.8
11027212,4.3,4.8,3.8,3.3,3.8,3.8
10822977,3.3,4.8,3.8,3.8,2.8,2.7
10779211,3.8,4.8,3.8,4.1,4.1,3.8
10555705,4.3,4.8,3.8,4.6,4.3,4.1
10686866,4.6,4.8,4.8,4.8,4.8,4.8
10779230,4.8,4.8,4.8,4.6,4.7,3.8
10761540,4.8,4.8,4.8,4.8,4.8,4.8
10776366,4.6,4.8,4.8,4.6,4.7,4.6
10519210,3.8,4.8,3.8,3.8,4.8,3.8
10412097,3.8,4.8,3.8,4.8,3.8,4.3
10913924,4.2,4.8,3.8,3.6,3.8,4.1
10917733,3.8,4.3,3.8,3.7,3.8,3.8
10903314,4.2,4.7,3.6,3.6,3.6,3.8
10076035,3.3,2.3,2.8,2.8,1.6,2.8
10990393,4.2,4.8,4.8,4.6,4.8,4.8
10496028,4.8,4.8,3.6,4.3,4.8,3.8
10816492,3.8,4.8,3.8,3.8,4.8,4.3
10526579,3.7,4.8,3.8,3.8,3.8,3.8
10852408,3.7,4.8,4.8,4.3,3.8,4.3
10991802,3.8,4.8,3.8,3.8,3.8,3.8
10994939,3.8,4.3,3.8,3.8,3.8,3.8
10653863,4.1,4.6,4.6,4.6,4.1,3.6
10279144,3.8,4.3,3.8,4.7,4.8,4.3
10513136,4.3,4.3,4.8,4.8,4.8,4.8
10371945,3.8,4.8,3.8,3.8,3.8,2.6
10837782,4.8,4.8,3.8,3.8,4.8,3.7
10416982,4.3,4.8,2.8,3.8,4.3,3.8
10753593,4.8,4.8,4.8,4.8,4.8,4.8
10810330,3.8,4.8,3.8,3.6,3.6,4.3
10985818,3.6,4.3,3.8,3.6,3.7,3.6
10196461,3.6,4.3,3.6,3.8,3.7,3.6
10776398,3.1,4.3,3.6,3.8,3.8,3.8
10994930,3.8,3.8,3.8,3.8,3.7,3.8
10816499,3.8,3.8,3.8,3.3,3.3,3.8
10770295,4.2,4.8,4.8,3.6,4.1,4.6
10625000,4.3,3.8,4.8,3.8,3.8,4.8
10723255,2.1,3.3,2.6,2.8,1.6,2.6
10981641,2.2,2.3,1.6,2.5,1.4,3.1
10711824,2.8,1.8,2.8,2.7,2.7,3.1
10835477,2.8,2.3,2.8,2.8,3.8,2.8
10826367,2.8,3.8,2.6,3.6,2.8,3.6
10814028,3.8,3.8,3.8,4.7,4.7,4.3
10697418,3.8,4.7,4.6,3.6,4.7,3.6
10711895,4.7,4.8,4.8,4.3,4.2,4.3
10064168,4.8,4.8,3.6,3.6,3.8,3.6
10883217,3.8,3.8,3.8,3.8,3.7,3.8
10861597,3.8,4.8,3.8,3.8,3.8,3.8
10040767,3.6,4.8,3.6,3.3,3.6,2.7
11001788,4.3,4.8,3.8,4.3,4.3,3.7
10914405,3.3,4.8,3.8,3.8,3.8,2.6
10864561,3.8,4.8,3.8,3.7,3.7,3.7
10706281,3.8,3.8,3.8,3.8,3.8,3.8
10869253,3.8,4.3,3.8,3.7,3.2,3.3
10451515,4.8,4.8,4.8,3.8,4.3,4.3
10475115,3.8,3.3,3.8,3.7,3.2,2.7
10903321,3.8,3.8,3.8,3.8,3.8,3.8
10960997,4.8,4.8,4.8,4.8,4.3,4.8
10829800,4.7,4.8,4.8,4.7,4.8,4.8
10898674,4.8,4.8,4.8,4.3,4.3,4.2
10694033,3.6,4.3,3.8,3.6,3.7,3.6
10015209,3.6,4.8,3.8,4.2,4.8,4.2
10018893,4.3,4.8,3.8,3.3,3.3,3.3
10956601,3.7,4.3,3.8,3.8,3.8,2.7
10684156,3.8,4.8,3.8,3.8,3.8,3.7
10715121,4.8,4.8,4.8,4.8,4.3,4.8
10660009,4.3,4.3,3.8,3.6,3.6,3.6
1204908,4.1,4.8,4.6,3.6,3.6,3.6
10739824,4.8,4.8,3.8,3.8,3.6,3.8
10608483,4.3,4.8,3.8,3.8,3.8,3.3
10793949,4.6,4.8,4.8,4.8,3.8,4.8
10747451,4.8,4.8,3.6,3.7,3.8,3.3
1202933,4.8,4.8,4.8,4.8,4.8,4.8
10720360,4.8,4.8,4.8,4.8,4.8,4.7
1204630,4.8,4.8,3.6,4.1,3.6,3.6
10928315,4.7,4.8,4.6,4.7,4.6,3.6
10844851,3.6,3.8,2.6,3.3,2.8,2.6
10889163,3.8,4.8,3.8,3.8,2.8,3.8
10565588,3.8,4.8,3.8,3.8,3.8,3.8
10788430,3.1,4.3,3.6,3.8,2.6,3.6
10747509,3.1,4.3,2.6,2.6,3.8,2.6
10853359,3.4,3.8,3.6,3.7,2.6,3.8
10710187,3.2,3.8,3.8,2.8,3.3,3.3
10243213,3.7,4.8,3.8,3.6,3.6,3.7
10920643,3.8,3.8,3.6,3.2,3.7,3.8
10928261,3.3,3.8,3.8,2.8,3.8,3.8
10803809,2.7,3.8,3.6,3.2,3,3.7
10602258,4.7,4.8,4.8,4.7,4.8,4.8
10761865,3.8,4.3,4.8,3.8,4.3,4.3
10801261,3.8,4.8,3.8,4.8,4.8,3.8
10985825,4.6,4.8,4.8,4.8,4.8,4.8
10906537,4.8,4.8,4.8,4.6,4.8,4.8
10768941,3.6,4.8,3.6,3.8,3.6,3.7
10765267,3.8,4.8,3.6,3.7,4.8,3.7
10975037,3.8,4.8,3.8,3.3,3.7,2.6
10784779,2.8,3.8,3.8,3.8,3.2,2.8
10678994,4.5,4.7,3.8,4.3,4.6,4.2
10813193,3.7,4.8,3.6,3.6,3.8,3.7
10763817,4.8,4.8,4.6,4.3,4.8,4.1
10560861,4.8,4.3,4.8,3.6,3.6,3.8
10666916,2.8,2.8,2.6,2.8,2.7,2.7
10813201,2.8,2.8,2.8,2.6,3.7,3.3
10816831,2.3,2.8,2.8,2.8,2.8,2.8
10506846,2.8,2.8,2.8,3.3,4.2,3.7
1203804,1.8,2.8,2.8,2.8,3.1,2.8
10880058,4.8,4.8,3.8,3.8,4.8,3.8
10389980,3.6,4.8,3.8,3.8,3.8,3.8
10809299,3.6,4.8,4.6,3.7,4.8,3.5
10883834,3.6,3.8,3.8,3.6,3.8,3.1
10776646,3.7,4.8,4.8,4.3,4.2,4.7
10880071,3.3,4.8,3.8,3.8,2.8,3.8
1200928,4.6,4.8,4.8,3.8,4.8,4.6
10341147,3.7,3.8,3.8,3.7,2.8,3.7
10275368,3.8,4.3,3.8,3.7,3.7,3.7
10964166,3.8,4.8,3.8,3.8,3.3,3.8
10371166,3.7,4.8,3.8,2.7,3.8,3.8
10426337,2.7,4.8,3.6,3.6,3.6,3.6
10948006,4.8,4.8,4.8,4.3,4.3,3.7
10512829,3.8,4.3,3.8,3.1,4.3,2.7
11026582,4.8,4.8,4.8,4.8,4.8,4.8
10922496,4.7,4.8,4.6,4.8,4.6,4.6
10230058,4.6,4.8,4.8,4.8,4.7,4.8
11001816,4.4,4.6,4.4,4.1,4.6,3.5
100185165,4.8,4.8,4.8,4.7,4.8,4.8
10940756,1.9,2.3,1.8,2.6,1.8,1.6
10044230,3.8,3.8,3.6,4.1,4.1,3.6
10234576,4.3,4.3,3.6,3.8,3.8,2.7
10743791,3.8,4.8,3.8,3.8,3.8,3.3
10809314,3.8,4.8,3.8,3.3,3.6,3.6
10750129,2.8,2.8,2.8,2.7,3.8,2.8
10840742,2.8,2.8,2.8,2.3,2.7,1.8
10779670,1.8,1.8,1.8,1.8,1.8,1.8
10719954,3.8,4.8,4.6,3.1,3.7,3.6
1205024,3.6,4.8,3.8,3.8,4.6,3.8
11011971,3.8,4.8,3.8,4.8,3.6,4.3
11004916,3.8,4.8,3.8,2.8,3.8,3.8
1204284,4.3,4.8,3.8,3.8,3.8,3.8
11033113,4.6,4.6,3.6,3.6,3.6,3.6
10612686,3.5,4.4,4.4,3.4,3.4,4.5
10788454,4.8,4.8,4.8,4.8,4.8,4.8
10933825,3.6,4.8,3.8,3.8,4.6,3.6
10583764,2.6,4.8,4.6,3.6,3.7,2.8
10849723,3.7,4.8,4.8,4.3,3.8,3.3
10581834,3.3,3.8,3.8,2.7,3.3,2.7
10969707,3.8,3.8,4.6,3.8,3.7,3.6
10722357,4.2,4.8,4.6,4.1,4.6,3.8
10121041,4.8,4.8,4.8,4.8,4.8,4.8
10580176,4.8,4.8,4.6,4.3,4.8,4.6
1200702,4.2,4.8,4.8,4.3,4.8,4.8
10663971,3.8,4.8,3.8,3.7,4.8,3.8
10964169,3.8,4.8,3.8,3.8,4.8,4.3
10075852,3.8,4.8,3.8,3.7,4.2,3.8
10375218,3.6,4.5,4.6,4.5,3.6,3.4
1043467,4.3,4.8,4.6,3.6,3.6,4.6
10040932,4.7,4.8,4.8,4.7,4.8,4.1
10734184,3.8,4.3,3.8,3.8,2.8,2.7
10388246,4.1,4.8,4.6,4.1,3.8,4.2
10924311,3.7,4.8,3.8,3.8,4.7,3.8
10977952,3.8,4.8,3.6,3.6,3.8,3.8
10284987,4.8,4.8,4.8,4.8,4.8,4.8
10492985,3.7,4.8,4.8,3.8,4.2,4.3
10849718,3.6,4.3,2.6,3.6,2.8,2.6
10913927,4.7,4.3,3.8,4.8,4.8,4.6
1204723,4.8,3.8,4.8,4.8,4.7,4.6
10776365,4.7,4.8,4.8,4.6,4.6,4.8
10837786,1.8,2.8,1.8,1.8,1.8,1.8
10985526,3.5,3.8,3.6,3.5,2.7,3
10761847,3.8,4.8,3.8,3.3,3.3,3.3
10779214,3.8,3.7,3.8,3.8,3.1,3.3
10998681,3.8,4.3,3.8,3.8,3.8,3.3
10880051,2.6,3.7,2.6,3.3,2.6,2.6
10739484,4.6,4.8,4.8,4.8,4.8,4.6
10874816,3.8,4.8,3.8,4.8,4.3,2.8
10823001,3.8,4.8,3.8,3.8,3.8,2.8
10019649,2.7,3.8,1.6,2.6,1.8,1.6
10889847,4.8,4.8,3.8,4.7,4.8,3.6
10371983,3.8,4.3,3.8,3.8,3.3,3.8
10928259,4.8,4.8,4.8,4.7,4.8,4.7
10447665,4.8,4.8,4.8,4.8,4.8,4.3
10806829,4.7,4.8,4.8,4.8,4.8,4.6
10969722,4.8,4.8,4.8,4.8,4.8,3.7
11020303,4.6,4.6,4.6,4.6,4.6,4.6
10298739,4.8,4.8,3.8,3.8,3.8,3.8
10168139,3.7,3.8,3.6,3.8,3.7,3.7
10769373,4.8,4.8,4.8,4.8,4.8,4.3
10742957,4.3,4.8,3.8,4.8,4.3,3.8
10265255,3.6,4.3,3.8,3.6,4.3,3.7
11020311,2.8,3.8,3.6,2.8,3.8,3.8
10535981,4.2,4.8,3.8,3.8,3.7,4.3
10374389,4.8,4.8,4.8,4.3,4.3,4.8
1204220,4.7,4.8,4.8,4.8,4.8,4.8
10147495,4.8,4.8,4.8,4.8,4.8,4.8
10961032,3.8,4.8,3.8,3.8,3.8,3.8
10555842,4.1,4.8,3.6,4.2,4.1,3.8
10692644,4.2,4.8,3.8,4.8,4.1,4.3
10822488,4.7,4.8,4.6,3.8,4.6,3.6
1204120,3.8,4.8,2.8,3.3,3.3,3.3
10776368,3.8,4.3,2.8,3.7,3.8,3.3
10409289,3.8,4.8,3.8,3.1,3.7,3.8
10645139,4.8,4.8,4.8,4.8,4.8,3.8
10782977,4.7,4.8,3.8,3.8,3.7,3.8
10582235,3.7,4.3,3.8,3.8,3.8,3.7
11020314,4.7,4.7,4.6,4.8,4.8,4.6
10765308,4.3,4.8,3.8,4.8,4.8,4.3
10921701,3.8,4.8,3.8,3.8,3.8,4.3
10522275,3.8,3.8,3.8,3.7,3.7,3.8
10737104,4.7,4.8,4.6,4.7,4.6,4.6
10720045,4.8,4.8,4.8,4.3,4.8,4.8
10177151,4.3,4.8,4.8,4.8,4.8,4.8
10886037,4.7,4.8,4.8,4.8,4.8,4.8
1200569,4.8,4.8,4.8,4.6,4.8,4.7
10177788,4.8,4.8,3.8,4.8,4.3,4.7
10835220,4.7,4.8,4.8,3.8,4.8,3.8
10975046,3.6,4.6,3.6,3.7,3.8,3.1
1290363,3.8,4.3,4.8,3.8,4.8,4.3
10928252,4.3,4.8,4.8,3.8,4.8,3.6
10684871,3.8,4.8,3.8,3.8,4.8,3.8
10886721,4.3,4.8,3.8,3.8,4.6,3.6
10398052,4.8,4.8,3.8,3.7,4.6,3.6
10855914,3.6,4.8,3.8,3.8,3.8,3.8
10793038,3.8,4.8,3.8,4.3,4.3,3.8
10877036,3.6,4.8,3.8,3.8,3.8,3.8
10412118,3.8,3.8,3.8,4.6,4.7,4.1
10923239,3.3,4.8,3.8,3.3,3.8,2.8
10416340,3.8,3.8,3.8,3.2,3.8,3.7
10484770,4.7,4.8,4.6,4.1,4.7,4.1
10052849,3.8,4.8,3.6,4.2,4.7,3.6
10709691,4.8,4.8,4.8,4.1,4.7,4.8
10909644,3.2,4.3,2.8,1.8,3.3,1.6
10730988,3.5,4.1,3.6,3.6,4.6,3.6
10800522,3.6,4.7,3.6,3.7,3.7,3.1
10224763,4.7,4.8,4.8,3.7,4.7,4.6
10410467,3.8,3.8,3.8,3.3,3.3,2.8
10810362,4.8,4.8,3.8,3.8,4.3,3.8
11030227,4.7,4.8,4.8,4.2,4.1,4.6
10686050,4.8,4.8,4.8,4.8,4.8,4.8
10894778,3.3,4.8,2.8,4.2,2.8,4.1
10979233,3.8,4.3,3.8,4.8,4.8,3.8
10412964,2.8,3.8,2.6,3.6,3.6,2.6
10947399,3.7,4.8,3.6,3.7,3.8,4.7
10895101,4.8,4.3,3.8,3.7,4.7,4.2
11030467,3.8,4.8,2.8,3.8,4.3,2.8
10680608,2.5,3.8,2.6,2.8,3.8,2.6
10227026,4.8,4.8,4.8,4.8,4.8,4.8
10548809,4.8,4.8,4.8,4.8,4.8,4.7
10952441,3.3,4.3,2.8,3.8,3.8,3.8
10979229,4.6,4.8,3.6,3.7,4.7,4.8
10813228,3.1,4.8,3.6,3.8,3.7,3.6
10733448,3.8,4.3,4.8,3.6,3.7,4.8
1204130,2.8,3.8,2.8,2.7,3.7,2.6
11032642,3.6,4.3,3.8,3.8,3.8,3.7
10584053,4.6,4.8,2.8,3.8,4.3,3.2
10045552,3.6,4.3,3.8,4.7,4.1,2.8
10990412,3.8,4.8,3.8,4.3,4.8,3.8
10717743,3.8,3.8,3.8,3.7,3.8,3.8
10284385,2.8,3.8,1.8,2.3,2.8,1.8
10386260,4.6,4.8,4.8,4.7,3.7,4.6
10844588,3.6,4.3,3.6,3.8,3.7,3.6
10618084,4.8,3.8,3.8,3.8,4.3,3.7
11001764,4.8,3.8,3.8,3.8,3.8,4.3
10396469,3.8,3.8,2.8,3.8,3.8,3.8
10917728,2.8,3.8,2.8,3.3,2.8,2.1
10677075,4.8,4.8,3.8,3.8,4.8,4.3
10790948,4.8,4.8,4.6,4.3,4.8,4.8
10956616,4.6,4.2,3.6,4.1,4.5,4.1
11008805,3.8,3.8,3.6,3.6,3.8,3.6
10696760,4.7,4.8,3.6,4.3,4.7,4.1
10371162,4.1,4.8,3.8,4.3,4.2,4.2
1204480,4.1,3.8,3.8,3.8,3.8,3.6
11017947,4.7,4.8,4.8,4.3,3.8,4.3
1201884,3.8,3.8,3.8,3.8,3.8,4.3
10279224,3.8,4.3,3.8,4.3,4.1,3.8
10999312,4.1,4.3,3.8,3.7,4.3,3.8
11035416,3.1,4.3,3.6,3.8,3.8,3.6
10985527,3.1,3.3,2.8,3.3,3.8,3.7
10913904,2.8,2.8,2.8,2.6,2.8,3.3
10615482,2.8,3.8,3.8,3.8,3.8,3.8
1290282,2.8,4.8,3.8,3.8,3.8,3.8
10948003,3.8,4.3,4.8,3.8,3.8,3.8
10894793,3.8,4.7,3.8,4.1,3.5,2.4
10990392,2.7,2.7,2.8,2.7,2.8,2.6
10720689,3.6,4.8,3.8,4.6,4.8,4.2
10109192,3.8,3.8,3.8,2.8,3.8,3.3
10013671,2.8,2.8,2.8,2.6,2.8,2.7
10664836,2.8,3.3,2.8,2.8,2.8,2.8
1206877,2.8,2.8,2.8,2.8,2.8,2.8
10960555,3.8,4.3,4.8,4.2,3.6,3.8
1204296,2.8,3.3,2.6,2.6,2.7,2.6
11020007,4.8,4.8,4.8,4.6,4.7,3.8
10910313,4.6,4.8,4.8,4.7,4.8,4.6
10558462,3.8,3.3,3.8,3.3,3.8,4.2
10796675,3.8,4.8,3.8,3.7,3.8,3.6
10850973,3.8,4.8,4.8,4.3,4.8,4.8
10933823,4.8,4.8,4.6,4.6,4.3,4.6
1201298,3.6,4.3,3.8,3.7,3.8,3.8
10968899,2.7,3.8,2.8,2.6,3.3,2.8
10443864,3.1,3.8,2.8,3.3,3.8,2.8
10840736,4.3,4.8,4.8,4.3,4.3,4.8
1202943,3.6,3.6,3.6,3.6,3.8,3.6
10442543,4.8,4.8,4.8,4.8,4.8,3.8
10924862,3.8,4.3,4.6,3.8,3.8,4.3
10800320,3.8,3.8,3.8,3.8,3.8,3.8
10779227,3.6,3.8,3.6,3.8,3.8,3.6
10282225,2.6,3.8,3.6,3.6,2.8,3.6
10810367,4.8,4.8,3.8,4.3,3.7,3.7
10684145,2.7,3.8,3.8,3.8,3.8,3.8
10391414,3.3,3.8,2.8,2.8,2.8,2.8
11021901,3.6,3.8,4.6,3.8,3.8,3.7
1210016,3.3,3.8,2.8,3.8,3.8,3.3
10871736,4.3,4.3,3.8,3.8,3.8,3.8
10998649,4.8,4.3,4.8,3.8,4.3,3.8
10981638,3.8,4.3,3.8,3.8,3.8,3.6
10979232,3.8,3.8,3.8,2.8,3.8,3.8
10587473,4.3,4.8,4.8,3.8,4.3,4.3
10601966,4.3,4.8,3.6,4.2,4.3,4.1
163962,3.8,4.8,3.8,3.8,4.3,3.8
10593062,3.8,4.8,3.8,3.8,3.8,3.8
1201026,3.6,4.8,4.6,3.7,4.3,3.6
10702819,3.8,4.3,3.8,3.8,4.3,3.8
1204050,4.8,4.8,3.8,4.3,4.8,3.8
10933822,4.7,4.8,4.8,3.8,4.8,4.3
10615476,3.8,4.8,3.8,3.8,3.7,3.8
1201174,4.8,4.8,4.8,4.8,4.3,4.8
1204093,4.1,3.6,3.6,3.8,4.1,3.6
10951376,4.3,3.8,4.6,4.2,4.8,4.6
10913906,4.3,4.3,4.8,3.8,3.8,3.2
10461078,4.3,4.8,4.8,4.2,4.8,3.8
10837454,3.8,4.3,3.8,3.8,4.3,3.3
10492373,2.8,3.8,2.6,2.8,3.2,2.5
10866643,3.8,4.8,4.6,4.2,4.8,4.1
10937397,3.5,3.7,3.6,3.4,3.6,3.1
10841729,3.6,4.8,3.6,3.3,4.3,3.6
10020837,3.8,4.8,3.6,3.6,3.6,3.4
10488526,3.8,3.8,3.8,3.8,3.8,3.8
10449889,3.7,3.8,3.8,3.6,3.7,3.8
10707078,2.8,3.3,2.8,2.8,3.3,2.8
10813244,3.8,3.8,3.6,3.5,3.8,3.3
1203107,3.8,3.8,3.8,3.8,4.8,3.8
1201109,3.1,3.3,2.8,2.7,3.3,2.6
10664830,3.8,3.8,4.6,3.6,3.6,3.6
10540044,3.8,3.8,2.8,2.8,3.8,3.3
10401710,4.8,4.8,4.8,4.8,3.8,4.7
10910329,3.3,3.8,3.8,3.8,4.3,3.8
1204722,3.8,4.8,4.8,3.8,3.8,3.8
140523,3.3,3.3,2.8,3.3,3.3,2.8
10784628,4.2,4.3,3.8,3.6,3.7,4.3
1202605,2.7,3.3,3.8,3.7,3.3,3.3
10956587,3.7,4.3,3.8,3.7,3.8,3.7
11013558,3.6,3.8,3.8,3.7,3.6,3.6
10449577,4.6,4.3,3.6,3.6,3.6,3.1
10644886,4.1,4.8,3.8,3.6,3.8,3.6
11030379,4.8,4.8,4.8,4.3,4.8,4.7
10500051,3.8,4.8,3.8,3.8,3.8,3.7
10866890,4.1,4.8,3.6,3.6,3.5,3.6
10979231,3.6,4.8,3.8,3.8,3.8,4.3
10813245,3.6,4.8,4.6,3.7,4.7,4.6
10210369,3.6,3.8,3.6,3.6,3.7,3.7
10449905,3.8,3.8,4.8,3.8,4.8,4.3
10840755,3.8,3.8,3.8,3.7,3.8,3.7
10809319,3.7,3.8,2.8,3.2,3.7,3.3
10937983,3.8,4.7,4.6,3.6,4.3,4.6
11011963,4.3,4.8,4.8,4.2,4.6,4.6
10052246,3.6,3.8,3.8,3.6,3.8,3.6
10584462,3.8,3.8,2.8,3.2,2.8,2.8
11017599,3.8,3.8,3.8,3.7,3.8,3.3
10761544,3.8,4.8,3.8,3.8,3.8,3.7
10563065,4.3,4.8,4.8,4.3,4.8,4.3
10809347,2.8,3.8,3.8,3.1,2.6,3.8
10683831,3.7,3.8,3.6,3.8,4.7,4.6
10769586,4.6,4.8,4.6,4.6,4.6,4.6
10645137,3.2,4.8,3.6,3.8,3.6,3.6
10683824,4.7,4.8,4.6,4.2,3.6,4.1
10765620,4.7,4.8,4.8,4.2,4.8,4.8
10816820,4.3,4.8,3.8,4.3,3.8,3.8
10736803,4.3,4.8,3.8,3.7,3.8,3.8
10707201,3.6,4.3,3.6,3.8,3.6,3.6
11030183,4.7,4.8,3.6,4.8,4.6,3.7
10830494,4.3,4.8,4.6,3.8,4.2,4.7
10843339,4.8,4.8,3.6,4.8,4.8,3.7
10732996,4,4.8,3.6,4.8,4.8,3.7
10875139,4.8,4.8,2.8,3.7,3.8,2.6
10837069,4.6,4.8,4.6,4.3,4.6,4.6
10771463,3.3,4.3,3.8,3.8,3.3,3.3
10016092,3.6,4.3,2.6,3.8,3.7,2.7
10982367,4.8,4.3,4.8,4.8,4.3,4.8
10197186,4.7,4.8,4.8,4.8,4.8,4.8
10281702,3.8,3.8,3.8,3.8,3.8,3.8
10813225,4.8,4.8,4.8,4.6,4.6,3.6
10739473,4.6,4.6,3.6,4.1,3.9,3.6
10968935,4.7,4.8,4.8,4.6,3.6,4.8
10571389,4.8,4.8,4.6,4.7,4.8,4.2
10994883,4.6,4.8,3.6,3.6,4.6,3.6
1202459,3.7,4.8,3.6,3.7,3.8,3.8
10207919,4.8,4.8,4.8,4.6,4.6,4.5
10985831,4.8,4.8,4.8,4.8,4.3,4.8
10090436,3.5,4.8,2.8,3.3,2.6,2.8
10674129,3.8,4.8,3.8,3.8,4.3,3.8
1201709,3.8,4.8,2.8,3.8,3.3,2.8
10788060,4.2,4.7,3.6,4.6,4.6,4.6
10844870,4.3,4.8,3.8,4.8,3.6,3.8
10941430,2.8,4.8,2.8,4.3,3.8,2.8
10576760,4.3,4.8,4.8,4.3,4.8,3.8
10769263,4.6,4.8,4.8,4.8,3.2,3.7
10933843,3.3,4.8,2.8,3.8,2.8,3.8
10878925,2.6,3.6,2.6,3.6,3.2,3.1
10843879,4.1,4.8,3.6,3.8,3.8,3.5
10647941,3.8,3.8,3.6,3.8,3.3,3.8
10961033,4.8,4.8,4.8,4.8,3.8,4.8
10309582,4.6,4.8,4.6,4.8,4.2,4.7
10499176,4.6,4.8,4.8,4.6,3.6,4.8
10102160,3.6,4.8,4.6,3.7,4.7,4
10837453,4.7,4.8,4.8,3.7,4.6,4.8
10607766,3.8,3.8,4.8,3.7,3.8,4.3
10264355,4.8,4.8,4.8,4.8,4.8,4.8
10673178,3.8,4.8,2.6,3.3,3.3,2.7
10764391,4.8,4.8,4.8,4.8,3.8,3.8
10416982,4.8,4.8,4.8,4.8,4.8,3.8
10827773,3.8,4.8,4.8,3.8,4.8,4.8
10814031,4.6,4.8,3.8,4.3,4.3,3.8
10990415,3.6,4.8,4.4,3.7,4.8,3.6
10167413,3.8,4.8,3.8,4.3,4.8,3.8
10707207,4.8,4.8,4.6,4.8,4.8,4.8
10813724,3.6,4.8,4.6,3.7,4.6,3.6
10179763,4.8,4.8,4.8,4.8,4.8,4.8
10720517,2.6,3.8,3.8,3.7,3.7,3.6
11033037,4.3,4.8,3.8,3.8,4.8,3.8
10917749,3.8,4.8,3.8,3.8,4.8,3.8
10994890,3.3,4.8,3.6,2.8,4.3,2.8
10820618,3.8,4.8,4.4,3.6,3.6,3
10937973,4.8,4.8,4.6,3.7,4.1,4.7
10729827,4.3,4.8,3.8,3.8,4.8,4.8
10353294,4.8,4.8,4.8,4.8,4.8,4.8
11035407,3.6,4.8,4.8,3.8,3.8,3.7
1210003,3.2,4.8,3.8,3.8,4.8,3.7
10976521,3.8,4.8,4.8,3.6,4.8,3.8
10899064,2.8,4.8,3.8,3.8,3.8,2.7
10708680,4.7,4.3,4.8,3.8,3.8,3.6
11033465,3.3,3.8,3.6,3.7,3.6,3.6
10730802,3.8,4.8,3.8,3.8,3.8,3.8
1201886,3.3,3.8,3.8,3.2,3.8,3.8
10809301,3.8,3.8,3.8,3.7,3.8,3.7
10666862,4.6,4.8,4.8,4.8,4.8,4.5
10809292,3.8,4.7,4.6,4.6,3.7,4.6
10695283,4.1,4.6,3.6,3.6,4.1,4.1
10782972,4.6,4.7,4.4,3.6,4.6,3.4
10609214,4.8,4.8,3.8,2.7,3.8,4.8
10866414,4.8,4.8,4.6,3.7,4.7,3.6
1203775,3.8,4.8,3.8,3.8,3.8,3.8
11011349,4.8,4.8,4.8,3.8,4.8,3.8
10925127,4.8,4.6,4.6,4.3,3.7,4.6
10977035,4.8,4.8,4.8,4.3,4.8,4.8
1201419,4.3,4.8,4.8,4.8,4.8,4.6
1204056,3.8,4.8,3.8,3.7,4.8,3.8
10048889,3.8,3.8,3.8,3.8,3.8,2.8
11004893,4.8,4.8,4.8,4.3,4.6,4.8
10722596,4.8,4.8,3.8,3.8,3.7,3.8
10990409,4.5,4.8,4.6,4.8,4.8,4.5
10739479,2.8,3.8,3.8,3.8,2.8,2.8
10455625,4.6,4.8,4.6,4.6,4.7,4.6
10729843,4.6,4.8,4.4,4.6,4.6,4.6
10975040,4.7,4.8,4.6,4.8,4.8,4.3
1201755,3.1,3.8,3.6,3.6,3.6,2.6
10806857,3.8,4.8,4.8,4.3,4.8,3.8
10764380,4.8,4.8,4.8,4.8,4.8,3.8
10776363,4.8,4.8,4.6,3.7,4.3,4.7
10185601,4.6,4.8,4.8,4.4,4.6,4.6
10645120,4.3,4.8,4.8,4.3,3.8,3.8
10910325,3.8,4.8,3.8,3.8,4.3,4.3
10672739,4.8,4.8,4.8,4.6,4.2,3.8
10762051,3.8,4.8,3.6,3.8,3.8,3.8
10921778,3.7,4.8,3.8,3.2,3.8,3.7
10985819,4.6,4.8,4.8,4.8,4.3,4.8
10278637,3.8,3.8,3.8,3.8,4.8,3.8
10201019,4.8,4.8,4.8,3.8,4.3,3.8
10684146,3.3,3.8,2.8,3.8,3.8,3.8
10405435,4.8,4.8,4.8,4.2,4.8,4.8
10438764,4.3,3.8,3.8,3.8,3.6,4.3
10759417,3.8,3.8,2.8,3.1,3.8,2.7
10730250,4.1,4.8,3.6,3.9,4.3,3.5
10772623,4.8,4.8,4.8,4.8,4.8,4.7
10765270,4.3,4.3,4.8,4.8,4.3,4.8
11027724,3.6,4.6,3.6,3.6,3.6,3.1
10562882,3.8,4.8,3.8,2.7,4.3,3.7
11033191,3.6,3.8,3.6,3.8,3.7,3.8
10964866,4.8,4.8,3.8,4.3,4.8,3.8
10990414,4.8,4.8,3.8,4.3,4.6,3.7
10716794,3.8,4.8,4.8,4.3,3.8,3.8
10568461,4.3,4.8,4.8,4.8,4.8,4.8
10796513,3.3,3.8,3.8,3.8,3.8,3.7
11021944,4.2,4.2,4.2,3.2,4.2,4.2
11835232,4.7,4.8,4.8,4.3,4.8,4.8
10171714,3.5,4.3,3.4,3.5,3.6,2.4
10990154,2.5,4.8,3.6,3.8,3.7,2.4
10810392,4.6,4.8,4.6,4.5,4.6,4.6
10816817,4.3,4.8,4.8,3.8,4.6,3.6
10980908,4.4,4.8,4.6,3.8,4.8,4.7
10840737,2.8,3.3,2.8,2.8,3.3,2.8
11011968,3.8,2.8,2.6,2.7,2.8,2.6
10596173,4.6,4.8,4.8,4.6,4.6,4.2
1206559,3.8,4.8,4.8,4.8,3.8,3.8
10816834,4.8,4.8,3.8,4.3,4.8,1.8
10956615,4.3,4.8,4.6,4.7,3.6,3.6
10835216,3.3,3.8,3.8,2.8,3.8,4.3
10612753,3.2,3.8,2.8,3.2,2.6,3.3
10816815,3.8,4.8,4.8,4.3,3.6,3.7
10847658,2.8,3.3,3.8,3.1,2.8,3.2
10146951,4.2,4.8,3.8,3.8,4.3,3.8
10880044,3.8,4.8,4.8,4.1,4.6,3.6
10879648,4.1,4.2,3.6,3.7,3.6,2.6
10933826,3.3,4.8,4.8,3.8,3.8,3.8
10761420,3.5,4.6,4.6,3.7,4.3,4.1
1210159,4.7,4.8,3.8,4.6,4.8,4.6
10460064,4.3,4.8,4.8,4.3,4.8,4.8
10892082,3.3,3.8,3.8,2.8,2.8,2.7
10979228,3.8,4.8,4.8,4.8,4.8,4.8
10888542,4.2,3.8,4.8,3.8,3.8,3.8
10928256,3.8,4.8,4.8,3.8,4.8,4.8
10382143,3.5,3.8,3.6,3.6,4.1,4.4
1201947,2.8,3.8,2.8,2.8,3.8,2.7
10816828,4.6,4.8,3.8,4.8,4.7,4.2
10806844,3.7,3.8,3.8,3.8,3.6,3.7
10969720,3.7,3.8,3.6,3.8,3.7,3.6
10177123,4.8,4.8,4.8,4.3,4.8,4.7
10608746,4.8,4.8,4.6,4.1,4.6,4.7
10937966,3.6,4.8,3.6,3.7,4.7,3.6
10964874,3.4,3.5,3.4,3.4,3.4,3.4
11020010,2.8,2.8,2.8,2.8,2.7,2.8
10583739,3.3,3.8,2.8,3.8,3.8,2.8
10518420,4.8,4.3,3.8,3.8,4.8,3.8
10019754,2.7,4.8,4.6,3.1,4,3.4
10855661,3.7,3.7,4.8,3.7,4.8,3.7
10820343,3.6,4.3,3.8,3.8,3.8,2.7
10979240,3.8,3.8,3.6,3.8,3.8,3.2
1206048,4.3,4.3,3.8,3.7,3.8,3.8
10182474,3.6,4.3,2.6,3.7,3.6,3.1
10847289,2.8,3.8,2.8,3.3,3.3,2.8
10819537,3.6,4.3,3.6,3.7,3.6,3.6
10230051,4.7,4.8,4.8,3.8,4.6,3.8
10816169,3.6,3.8,2.8,3.8,3.8,3.8
10208442,2.6,3.1,3.8,3.6,3.7,3.8
10837458,3.6,3.8,3.8,3.8,2.6,2.8
10813191,3.8,4.8,3.8,3.7,3.6,2.8
10694027,2.8,2.8,2.8,3.1,1.8,2.6
10165714,3.8,4.8,3.8,3.8,3.6,3.3
10802377,3.8,3.8,3.8,3.8,3.7,2.8
10844881,3.8,4.8,4.8,4.7,3.8,3.6
11021890,3.8,4.8,4.8,4.8,4.8,3.7
10823006,3.8,4.3,3.8,3.8,3.8,3.8
11052452,2.6,4.8,3.6,3.8,3.8,3.7
10709803,2.6,4.7,2.8,3.8,2.6,1.6
10653882,3.7,4.8,3.6,3.6,4.1,3.6
10981644,3.8,4.8,4.8,4.7,4.3,3.8
1202919,3.7,4.8,3.8,3.8,3.6,3.6
10600601,4.8,4.8,4.6,4.7,4.8,4.1
10607788,4.3,4.8,3.8,3.3,3.8,2.8
10806874,4.7,4.8,4.8,4.8,4.7,4.8
10806929,3.8,3.8,3.8,3.8,3.8,3.8
10243042,3.6,3.8,3.6,3.7,3.6,3.2
10638488,4.6,4.8,4.6,3.8,4.7,4.7
10969711,4.8,4.8,4.8,3.8,4.8,4.8
10874809,3.6,4.8,3.6,3.7,3.7,3.6
10222432,4.8,4.8,3.8,3.6,3.6,4.6
10371149,4.8,4.8,4.8,4.2,4.8,4.6
10151224,3.6,3.8,3.8,3.8,3.8,3.6
10232359,3.5,3.3,3.8,3.1,3.3,3.3
10709803,3.6,3.8,3.8,3.6,3.6,3.6
10095189,4.8,4.8,3.6,3.6,4.7,4.3
111111,3.2,4.2,4.2,3.2,3.7,3.7
10548809,4.3,4.8,4.8,3.8,4.8,4.7
10761861,3.8,3.8,3.6,3.8,3.8,3.8
10928236,2.8,3.8,3.6,3.8,3.6,2.6
10507904,3.8,3.8,3.8,3.8,3.8,3.8
10956948,4.6,4.7,2.6,3.1,2.4,2.6
10952456,2.7,4.8,3.8,3.7,3.6,3.3
10844837,4.3,4.8,4.8,4.3,4.3,4.8
10835490,4.6,4.6,3.8,3.6,3.6,3.1
11021907,4.6,4.7,4.6,4.6,4.6,4.6
1203759,4.8,4.8,4.8,4.7,4.8,3.7
11021510,3.8,4.8,3.8,4.3,3.8,4.7
10029315,3.3,4.8,3.8,3.8,3.8,4.3
10640794,3.8,4.8,4.8,4.8,4.3,4.8
11008800,3.8,4.8,3.8,3.3,4.3,3.8
10856116,4.3,4.8,3.8,3.8,4.8,3.8
10994938,3.6,4.3,3.6,3.8,3.6,3.6
10581834,2.6,4.3,3.6,3.2,4.3,3.1
10686884,2.7,3.8,2.6,2.7,2.6,1.6
10609942,3.1,3.8,3.8,2.8,3.8,3.6
10822707,3.8,4.8,4.8,4.3,4.8,3.8
11011970,4.3,4.8,3.8,3.8,4.8,4.7
10844847,4.6,4.7,3.6,3.6,3.6,3.6
10546115,4.6,4.7,4.6,4,3.6,4
10663344,4.7,4.8,4.6,4.6,4.8,4.7
10697216,4.8,4.8,4.8,4.8,4.3,4.8
10076267,3.8,4.8,3.8,4.2,4.8,3.8
10806928,3.8,4.3,2.8,3.6,3.8,2.6
10389148,4.8,4.8,3.8,3.8,3.3,3.2
10624360,4.6,4.7,4.8,4.8,4.6,4.7
1204462,3.7,4.8,4.6,4.6,4.8,4.6
10819547,3.6,4.8,3.8,3.8,4.3,3.8
10709690,4.7,4.8,4.6,4.2,4.6,4.8
10454885,4.1,4.8,3.6,4.6,4.8,4.1
10555857,3.8,4.8,3.8,4.8,3.8,3.8
10977938,3.6,3.8,3.6,3.7,2.8,3.8
10792071,3.6,3.6,2.6,3.5,3.6,2.6
10933821,4.1,4.8,4.6,3.6,4.1,3.6
10910331,3.6,3.8,2.8,2.7,2.7,3.6
10888548,4.1,4.6,4.8,3.6,4.6,4.6
10924848,4.1,4.7,3.6,3.6,3.6,4
10923137,2.8,3.8,3.8,2.8,3.8,2.8
10238353,4.7,3.8,4.8,3.8,3.8,4.6
10686880,4.8,4.8,4.8,3.8,4.8,4.1
11030538,4.7,4.8,4.8,4.8,4.8,4.8
10703420,3.6,4.8,3.6,3.3,3.8,3.2
10985826,3.8,4.8,3.8,3.8,4.7,3.8
10045556,4.6,4.8,4.8,4.7,4.7,4.7
10764145,4.3,4.8,3.8,3.7,4.3,3.7
11020316,3.7,3.8,3.8,3.8,3.8,2.7
10823232,3.5,4.3,3.4,3.8,3.6,3.5
10574735,4.3,4.8,3.8,4.3,3.8,3.8
1202067,2.8,2.8,2.6,1.7,1.8,1.6
10933839,4.6,4.8,3.6,4.7,3.8,4.6
10809314,4.8,4.8,3.8,3.8,3.6,4.1
10828171,3.1,4.2,3.6,3.7,2.7,2.7
10814286,3.1,3.8,2.4,3.6,2.4,3.6
10720691,4.8,4.3,4.8,4.8,4.8,3.8
10228201,4.1,4.6,4.8,4.6,4.6,4.7
10487840,4.8,4.8,4.8,4.3,4.8,4.8
10917759,4.6,4.8,4.8,4.7,4.8,4.6
10667598,2.8,3.3,2.8,2.3,2.8,2.3
10068660,2.8,1.8,1.8,2.8,1.8,2.7
1290377,3.7,2.8,3.8,2.6,3.1,3.3
10762197,4.8,4.8,4.8,4.8,4.7,4.7
10924860,3.8,3.8,4.8,4.6,4.8,4.8
10761248,3.8,4.8,3.8,4.8,3.8,2.8
10609521,3.8,4.8,4.6,4.8,4.8,4.8
10708684,4.8,4.8,3.8,3.7,3.8,3.8
11007568,2.8,2.8,3.8,2.8,3.3,2.8
10785148,4.3,4.8,4.8,4.8,4.7,4.8
10697035,3.8,3.8,3.6,3.8,3.8,3.8
10998696,4.8,4.8,3.8,4.7,4.7,3.8
1200938,3.8,4.8,4.8,4.7,4.8,4.8
10730941,2.7,3.3,3.8,2.8,3.8,3.3
10894767,3.7,4.8,4.8,4.7,4.6,4.6
10996590,3.6,4.8,4.6,4.8,4.8,4.5
10899093,4.6,4.8,4.8,4.8,4.6,4.6
10097878,4.8,4.8,4.6,4.5,4.7,4.7
10659915,3.8,4.8,4.8,3.8,4.3,3.8
10737106,3.7,4.8,3.8,3.8,4.3,3.8
1204448,4.3,4.8,4.8,3.8,4.8,4.6
10840738,3.3,4.3,3.6,3.8,3.3,3.3
10823620,3.6,4.8,3.8,3.8,4.6,3.8
10874810,3.6,3.7,3.6,3.6,3.8,3.8
10859922,3.8,3.3,3.8,3.8,3.8,4.8
10727854,4.2,4.8,4.6,4.6,4.7,4.1
11021890,3.6,4.8,3.8,3.7,3.8,3.8
10806874,3.8,4.3,3.8,3.7,2.8,2.8
10812860,4.8,4.8,4.8,3.8,4.8,4.8
10844844,4.8,4.8,4.8,3.7,4.3,4.8
11014953,4.1,4.8,3.6,4.7,4.6,4
10783089,4.6,4.8,3.8,4.8,4.6,3.8
10998631,3.8,4.8,3.8,3.8,3.8,3.8
10826815,4.8,4.8,4.8,3.8,3.8,4.8
10813257,3.6,4.3,2.8,2.6,3.8,3.2
11004900,4.8,4.6,4.6,4.6,4.6,4.6
10017042,3.8,4.8,3.8,3.8,3.8,3.8
10813712,2.8,2.8,2.8,2.8,2.7,2.6
10948005,3.8,3.8,3.8,3.3,2.8,2.8
10370947,3.8,3.8,3.8,3.8,3.8,2.8
10910320,3.8,3.8,3.8,3.8,4.3,3.8
10813216,3.8,3.8,4.8,3.8,3.8,3.8
10913926,3.7,4.8,3.6,3.7,4.3,3.8
10813215,3.7,4.8,3.8,3.8,3.8,3.8
10830521,3.6,4.7,4.6,4.6,3.6,4.4
10813215,3.8,4.3,3.8,3.8,3.8,3.8
10730850,4.1,3.8,4.6,3.6,4.8,3.6
1200833,3.8,4.8,3.6,3.8,4.8,2.7
10882902,4.2,4.8,3.6,3.6,4.3,3.6
10605588,4.8,4.8,3.6,3.6,3.8,2.6
10819520,3.6,4.8,4.6,3.7,4.7,4.6
11043410,4.4,4.8,4.6,4.1,4.6,3.9
10460281,4.8,4.8,4.8,4.8,4.8,4.8
10906524,3.8,4.8,3.8,4.8,4.8,3.7
10182486,4.6,4.8,3.6,4.8,4.8,4.6
1201783,4.8,4.8,4.8,4.8,4.8,4.8
10973758,4.8,4.8,3.8,4.7,4.8,4.8
10977934,4.7,4.8,4.8,4.7,4.6,4.6
10600016,4.8,4.8,4.8,4.7,4.8,4.8
10810403,4.8,4.8,4.8,4.8,4.8,4.6
10492687,4.6,4.8,4.8,4.8,4.8,4.8
10990101,4.8,4.8,4.8,4.8,4.8,4.8
10765315,4.7,4.8,4.6,4.8,4.8,4.6
10784317,4.6,4.8,4.4,4.5,4.6,4.6
10810330,4.7,4.8,3.8,4.1,4.8,3.7
11008807,4.7,4.8,4.8,4.8,4.8,4.8
10392134,4.6,4.8,4.6,4.5,4.6,4.6
10050175,4.8,4.8,4.8,4.8,4.3,4.8
10961011,4.8,4.8,3.8,4.8,4.8,3.8
10487879,4.8,4.8,4.6,4.8,4.8,4.8
1202499,4.6,4.8,4.8,4.8,4.8,4.8
10015371,4.8,4.8,4.8,4.8,4.8,4.8
11030545,4.6,4.8,4.6,4.6,4.1,4.1
10052994,4.8,4.8,4.8,4.6,4.8,4.8
10312257,3.7,4.3,3.6,3.7,4.8,4.6
10730854,4.7,4.8,4.8,4.8,4.8,4.2
10466116,4.8,4.8,4.8,4.8,4.8,4.3
1210122,4.8,4.3,4.8,4.8,4.8,4.8
10605469,4.8,4.8,4.8,4.8,4.8,4.8
1206201,4.7,4.8,4.8,4.1,3.8,4.7
10497590,4.6,3.6,4.6,4.6,4.6,4.1
10813222,3.8,4.3,3.8,3.8,3.8,3.8
10806918,3.8,4.3,4.8,4.8,4.3,3.8
10979239,3.6,3.8,2.8,3.8,3.8,2.8
11026767,3.7,4.3,3.8,3.6,3.8,3.6
1201243,4.7,4.8,4.8,4.2,4.7,4.3
10751205,3.8,3.8,3.8,3.8,4.3,3.8
1203860,3.8,4.8,3.8,3.8,3.8,3.7
10092833,4.3,4.8,3.8,3.8,4.8,3.8
10633098,3.8,3.8,3.6,3.8,3.7,3.8
10590032,3.8,4.8,3.8,3.3,3.8,2.8
10869255,4.3,4.8,4.8,4.8,4.8,4.3
11001786,4.3,4.8,4.8,4.8,4.8,4.8
10994893,2.6,3.8,2.8,3.3,2.6,2.8
10729822,4.2,4.8,4.6,3.6,4.6,3.6
10436015,4.7,4.8,3.8,4.6,4.7,3.8
10789190,4.8,4.8,3.8,3.8,3.8,3.3
10610878,3.8,4.8,3.8,3.8,4.8,3.8
10769359,4.8,4.7,3.8,4.1,3.7,3.7
10432747,3.4,4.8,3.8,3.6,3.7,3.7
10982361,3.6,4.8,3.6,3.6,3.8,3.1
11049787,3.6,4.8,3.8,3.6,3.6,3.7
10709811,3.8,4.8,3.8,3.8,3.8,3.8
1206097,3.7,4.8,3.6,3.8,3.7,3.7
10596033,3.8,4.8,3.8,3.8,3.8,3.8
11020961,4.8,4.8,4.6,4.6,4.6,4.5
10877521,4.8,4.8,4.8,3.7,4.8,4.3
10185612,4.7,4.3,3.8,3.8,3.8,3.8
1200971,4.7,4.8,4.8,4.3,4.8,4.8
10786678,4.8,4.8,3.8,4.8,4.3,4.3
10952452,4.6,4.1,3.6,3.6,4.6,4.6
10214300,4.6,4.8,4.8,4.8,4.8,4.8
10765305,3.8,4.8,3.8,4.8,4.7,4.3
10886728,2.8,3.3,2.8,2.8,2.8,2.8
10044233,2.7,2.8,2.6,2.7,2.8,3.6
11052270,4.7,4.8,4.6,4.7,4.7,4.6
10412018,4.8,4.8,4.8,4.8,4.6,4.8
10793708,4.8,4.8,4.8,4.6,4.8,4.8
32182555,3.8,4.8,3.8,3.8,3.8,3.8
10030809,4.7,4.8,3.8,4.6,4.7,4.2
11033477,4.8,4.8,4.8,4.8,4.8,3.8
10779225,4.8,4.8,4.6,4.8,4.8,4.6
10568445,3.8,4.3,3.8,3.2,3.8,3.8
10837793,3.7,4.8,3.8,4.8,4.3,4.8
10098168,4.8,3.8,4.8,3.8,3.8,4.6
10051510,4.7,4.8,4.8,4.8,4.8,4.8
10015243,4.3,4.8,3.8,4.3,4.3,3.7
10984171,3.7,4.8,3.8,4.3,4.3,4.8
10711842,3.7,4.8,4.8,3.6,4.8,4.1
10490472,4.8,4.3,3.8,4.3,4.3,4.3
10558462,4.8,4.3,3.8,4.8,4.8,4.3
10769374,4.3,4.8,3.8,3.8,3.8,3.8
10784774,4.8,3.8,4.6,3.8,4.8,4.3
10034281,3.8,4.3,2.8,3.2,3.8,3.8
10343920,4.7,4.8,4.8,4.7,4.8,4.8
10819530,3.8,4.3,4.8,4.2,3.8,4.8
11041092,3.8,3.8,3.8,3.8,3.8,3.3
10172134,4.8,4.8,4.8,4.8,4.3,4.1
10563062,3.8,3.8,2.8,3.7,3.8,3.6
10964851,3.8,3.8,3.8,3.7,3.8,3.8
10928232,4.2,3.8,4.8,3.8,4.2,4.3
10892066,3.8,3.8,3.8,3.8,3.8,3.8
10657035,3.6,4.3,3.6,3.5,3.9,3.3
11021508,3.8,3.8,3.6,3.7,3.7,3.6
10917731,3.8,3.8,4.8,3.8,3.8,3.8
10265384,3.7,4.3,3.8,3.7,3.8,3.6
10908622,3.8,3.8,3.8,3.8,3.8,3.8
10383500,3.8,2.8,4.8,3.8,3.8,3.8
10453155,2.7,3.8,2.8,2.8,2.8,2.8
10686919,4.2,4.8,3.6,4.7,4.8,3.6
10924859,3.8,4.8,3.8,4.8,4.8,4.8
10914398,3.6,4.8,4.6,4.5,3.6,3.1
77735,3.8,4.8,3.8,3.8,4.8,3.3
10690809,3.8,4.8,3.8,3.8,3.8,2.8
10729829,3.7,4.8,4.8,4.8,3.8,4.6
10136219,3.8,4.8,4.8,4.8,4.8,4.8
10358749,3.4,4.6,3.4,3.4,3.6,3.4
10730234,3.7,4.3,3.4,3.6,3.6,3.6
1290232,4.2,4.2,4.2,4.2,3.2,4.2
10871742,4.6,4.8,4.8,4.8,4.8,4.8
11018416,3.6,4.8,4.6,3.7,4.6,3.6
10026180,4.1,4.8,3.6,3.6,4.3,3.6
10230049,3.8,4.8,3.8,3.8,4.3,4.1
10515139,3.8,3.8,3.8,3.8,3.8,3.1
10933824,2.8,3.3,3.6,3.3,2.8,3.6
10172226,3.8,4.8,3.8,3.8,3.8,3.8
10977936,3.8,4.8,4.8,4.8,4.8,3.8
10435409,3.6,4.8,4.6,4.1,4.3,3.6
10580592,4.8,4.8,4.8,4.8,4.8,4.8
10322719,4.8,4.8,4.8,4.6,4.8,4.8
10643003,4.7,4.7,4.6,4.6,4.7,4
10871739,2.8,3.3,2.6,3.3,3.1,2.8
1201949,3.8,4.8,4.8,3.7,4.8,3.8
10917033,4.7,4.8,4.8,4.8,4.8,3.7
1205716,4.2,4.8,3.8,3.6,4.2,3.8
10462137,4.8,4.8,3.8,4.8,3.8,3.8
10875138,4.6,4.8,4.6,4.1,3.6,4.6
10147560,4.6,4.8,4.8,4.8,4.6,4.7
10442546,4.8,4.8,4.8,4.8,4.8,4.7
1201489,3.8,4.8,4.6,4.6,4.3,4.1
1204452,4.8,4.8,4.6,4.7,4.8,4.8
10098011,4.8,4.8,3.8,3.8,3.8,4.3
10190749,4.8,4.8,4.8,4.8,4.8,4.2
10355990,4.3,4.8,3.8,4.7,4.3,4.3
10784631,4.8,4.8,4.8,4.3,4.8,4.6
11033066,4.8,4.8,4.8,4.3,4.8,4.3
10719043,3.8,4.3,3.8,3.8,3.8,3.8
120915,3.8,3.8,3.8,3.5,3.7,3.6
1204378,4.2,3.8,4.8,3.6,4.2,4.8
10859923,3.3,3.8,3.6,3.1,3.7,3.8
10241235,3.8,4.3,3.8,3.8,3.8,4.3
10755261,3.7,3.7,3.6,3.6,3.6,3.6
162207,4.8,4.8,3.8,3.7,4.8,3.8
10082576,4.8,4.8,3.6,3.6,3.8,3.6
10095126,3.8,3.8,3.8,3.7,4.8,3.8
10998660,3.5,3.8,3.6,3.5,3.1,2.6
10542702,3.7,4.3,3.8,3.7,3.8,3.8
10718589,4.8,4.8,3.8,3.8,3.8,3.8
182189,3.8,3.8,2.8,2.8,2.8,2.8
10438792,2.7,3.8,3.8,3.6,3.7,3.2
10880312,4.7,4.8,4.8,4.8,4.8,4.8
10840745,4.8,4.8,4.8,4.8,4.7,4.3
151288,4.8,4.8,4.8,4.8,4.7,4.7
10680631,4.7,4.8,3.8,4.7,4.8,4.8
1204437,4.8,4.8,4.8,4.8,4.8,4.8
10690809,4.8,4.8,4.8,4.8,4.8,4.7
10478193,4.8,4.8,4.8,4.8,4.7,4.8
10016021,4.7,4.8,4.8,4.8,4.8,4.1
10370793,4.7,4.8,4.6,4.6,4.5,4.5
10139551,4.6,4.8,3.6,4.1,3.6,3.6
10961024,4.8,4.8,3.8,4.8,3.8,3.8
10611529,4.7,4.8,3.8,4.2,4.6,3.8
10864567,4.8,4.6,4.4,4.6,4.7,4.5
10816506,3.3,3.8,3.8,3.3,3.8,3.8
10232979,3.8,4.3,3.8,3.8,3.7,3.8
10769294,2.8,3.3,2.8,2.8,3.8,2.8
10429797,2.8,3.8,2.8,2.8,2.8,2.8
11017945,3.6,4.3,4.6,3.8,4.1,3.6
10837765,2.6,4.8,4.6,3.3,3.7,3.6
10784304,3.8,4.8,3.8,3.8,4.3,3.8
10803643,3.8,4.8,2.8,3.3,3.8,2.8
10171259,3.8,4.8,2.8,3.8,3.3,3.7
10783065,4.7,4.8,4.8,4.8,4.2,3.8
10456729,4.7,4.8,3.6,4.6,4.8,4.8
1206566,4.7,4.8,3.8,4.1,4.2,3.6
10947998,4.5,3.7,3.6,4.2,3.6,3.4
10092833,4.3,4.8,3.8,4.3,4.8,3.6
10190749,3.8,4.3,2.8,3.8,3.3,2.7
10548809,4.8,4.8,3.8,4.8,4.8,3.8
11011969,4.2,4.8,3.8,4.2,3.8,3.8
10914399,4.3,4.8,3.8,3.8,4.8,3.8
10819525,3.7,4.8,3.8,3.8,4.3,3.8
1210461,3.6,3.7,2.8,3.3,3.6,2.8
10172134,4.3,4.8,3.8,3.7,4.8,3.8
10961024,3.6,3.7,3.6,3.6,4.1,2.6
10937968,3.8,3.8,3.6,4.3,4.3,3.6
10961019,3.9,4.6,3.6,3.5,4.1,3.5
10750884,3.6,4.8,3.6,4.2,4.7,3.1
10791056,3.8,3.7,3.6,3.7,4.6,3.1
10784632,3.6,4.8,2.8,3.6,4.1,2.7
10823007,3.8,4.8,3.8,3.8,4.8,3.8
10719955,3.6,4.6,3.6,3.6,4.6,3.4
10375155,3.8,3.8,2.6,3.3,3.8,2.8
10125167,3.3,3.8,2.8,3.3,3.8,2.8
10840730,3.8,4.8,2.8,3.3,4.3,3.3
10379512,3.8,4.8,2.8,3.8,4.3,2.8
10826374,3.8,4.3,2.8,3.8,3.8,2.8
10619018,3.6,3.8,2.6,2.6,3.6,2.7
1206250,4.3,4.8,3.8,4.3,4.8,4.7
10327609,2.8,4.8,3.8,4.8,3.8,3.8
10281714,4.5,4.6,3.6,3.6,4.6,4.6
10941438,3.8,4.8,3.8,4.5,4.6,4.7
10461070,2.8,4.8,3.8,3.8,2.8,2.8
10823239,3.8,4.8,4.8,4.8,3.8,4.8
10903321,3.8,4.8,4.8,4.7,4.8,3.8
10912240,3.7,4.8,4.8,4.8,4.8,3.8
10168513,2.8,3.8,2.6,2.6,2.6,2.7
10826826,3.6,4.8,3.6,3.6,4.1,2.5
10759467,3.8,4.8,3.8,4.8,3.8,3.8
11014964,3.8,4.8,3.8,3.8,4.2,3.8
11000731,4.8,4.8,3.8,3.8,3.8,3.8
10750505,3.8,3.8,4.8,3.8,4.5,4.8
10686898,4.8,4.8,2.8,2.8,3.8,3.3
1200003,3.1,3.8,3.8,3.7,3.8,3.8
10365660,3.6,3.8,3.6,3.8,3.8,3.5
10328687,3.8,3.8,3.8,3.8,4.3,4.3
10727153,3.8,4.8,4.8,4.8,4.3,4.3
1201966,3.6,4.8,4.8,4.8,4.8,4.8
10994887,2.8,3.8,3.8,3.8,3.8,3.8
10015196,3.8,3.8,3.8,3.8,3.8,3.7
10727242,3.8,3.8,3.8,4.7,3.8,4.6
10232979,4.3,4.8,3.8,3.3,3.3,3.8
10864567,3.2,4.2,4.6,2.6,3.8,2.5
10618256,3.8,4.8,3.8,3.7,4.8,3.8
133627,4.7,4.8,4.4,4.8,4.6,4.5
10875615,4.2,4.8,4.6,4.6,4.7,4.5
10871744,3.8,4.7,3.8,4.7,4.7,3.6
10856875,3.7,4.8,3.8,4.3,3.8,3.8
10587574,3.8,4.8,3.8,3.7,3.6,3.8
1200584,3.6,3.8,2.8,3.1,3.8,3.8
1200303,4.1,4.8,4.6,4.6,4.7,3.7
10458118,4.3,4.8,3.8,4.8,4.8,4.8
10864884,4.8,4.8,4.8,4.7,4.8,4.8
10964868,4.8,4.8,4.8,4.8,4.8,4.8
11030383,4.8,4.8,4.8,3.8,4.8,4.8
10645094,3.7,4.8,3.8,3.6,3.8,3.7
10755255,3.8,4.3,3.8,3.3,3.8,2.8
1201580,4.6,4.8,4.6,4.6,4.8,4.7
10307166,4.6,4.8,4.6,3.6,4.8,4.6
1210335,3.8,4.8,3.6,3.8,4.7,3.8
10794999,2.6,3.8,3.6,3.6,3.7,3.1
11032875,4.8,4.8,4.8,4.8,4.8,4.8
10263523,4.4,4.8,4.6,3.6,4.3,4.7
10293753,3.6,4.3,3.8,3.8,3.8,3.8
10473316,3.8,3.8,2.8,3.3,3.8,3.3
10813192,3.6,4.8,4.6,4.1,4.8,3.7
10826369,3.8,4.8,4.6,4.8,4.8,4.6
10985824,3.8,3.8,3.8,3.6,4.6,3.6
10810350,3.8,3.8,3.8,3.8,3.8,3.3
10501871,3.7,4.3,3.8,3.8,3.8,2.8
10059982,3.8,4.8,3.8,2.8,3.7,3.8
10813256,3.6,4.8,3.6,2.6,2.6,2.6
10036139,3.8,3.8,2.6,2.8,2.5,2.8
10729190,2.8,3.3,1.8,2.8,1.8,2.8
10779227,2.8,4.3,3.8,2.6,3.6,3.7
10232350,4.7,4.8,3.8,4.6,3.6,3.6
10998651,2.8,3.3,2.6,2.8,2.8,2.6
1203962,3.8,3.8,3.6,3.8,3.8,3.7
10762725,2.8,2.8,3.8,2.8,3.3,2.8
10894770,4.3,4.8,4.8,3.8,4.7,4.8
10166200,4.7,4.8,4.6,3.7,4.8,4.7
10809747,3.8,3.7,3.6,3.8,4.7,3.7
10643451,3.8,4.8,3.8,4.3,3.8,3.6
11001817,3.8,3.8,3.6,4.6,4.8,4.7
10850948,3.7,4.8,4.6,3.7,4.6,3.5
10596545,4.8,4.8,3.8,3.6,3.7,4.1
10964859,4.3,4.8,3.8,4.3,3.8,3.8
10875136,3.7,4.3,3.4,3.6,4.6,3.4
1210035,3.8,4.8,3.8,4.3,4.8,3.7
10844872,4.8,4.8,4.8,4.8,4.8,4.2
10759486,4.6,4.8,4.6,4.7,4.6,4.6
1203672,4.8,4.8,4.6,4.6,4.8,4.5
10903335,4.8,4.8,4.8,4.8,4.8,4.8
10844841,4.6,4.8,4.6,4.6,4.6,4.6
10816829,4.3,4.8,3.8,4.8,4.8,3.8
10886041,4.1,4.8,4.6,4.6,4.8,4.6
10903313,4.8,4.8,4.6,4.7,4.6,4.6
10761859,4.8,4.8,4.8,4.8,4.8,4.8
10894772,4.7,4.8,4.8,4.7,4.8,4.2
1200601,4.2,4.8,3.8,3.7,4.6,3.6
10209843,4.8,4.8,3.6,4.7,4.8,3.6
10818897,4.8,4.8,4.8,4.8,4.8,4.8
10171259,4.7,4.8,3.8,4.3,4.8,4.3
11014962,4.3,4.8,4.6,4.1,4.3,3.2
10847721,4.8,4.8,3.8,4.8,3.8,4.8
10937966,4.6,4.8,4.6,4.6,4.8,4.6
10864885,4.6,4.6,3.6,3.9,4.6,4
11026537,4.8,4.8,3.6,4.8,4.6,4.5
10030718,4.8,4.8,3.8,4.7,4.2,3.8
11048130,4.8,4.8,4.8,4.8,4.3,4.8
10947412,4.7,4.7,3.6,4.6,4.1,4.6
10888543,4.8,4.8,4.8,4.7,4.8,4.8
10271462,4.8,4.8,4.8,4.8,4.3,4.8
10981642,4.8,4.8,3.6,4.4,4.6,4.6
10189106,4.8,4.8,4.8,4.6,4.2,4.1
11001761,3.8,4.8,3.8,3.6,4.7,4.3
10762063,3.8,4.8,3.8,3.8,4.8,3.8
10321287,4.8,4.8,4.8,4.6,4.8,4.8
10510598,4.2,4.8,4.6,3.6,4.6,4.1
10717719,4.3,4.8,4.8,3.8,4.7,3.8
10621394,4.3,4.8,3.8,4.8,4.8,3.8
10729813,3.8,4.8,3.8,3.6,4.8,3.7
1204529,4.3,4.8,4.8,4.8,4.8,3.8
10892069,4.6,4.8,4.6,4.6,4.8,4.6
10634094,3.8,4.8,4.8,3.8,3.8,3.8
10518768,4.6,4.4,4.6,4.6,4.6,3.6
10980996,4.8,4.8,4.8,4.8,4.8,3.8
10706285,4.8,4.8,4.8,4.8,4.8,4.3
10782979,4.7,4.8,3.8,4.3,4.3,3.6
10874813,4.8,4.8,4.8,4.8,4.8,4.8
10892069,3.2,4.7,3.6,3.7,3.8,3.1
10844589,3.8,3.8,3.8,3.8,3.8,3.8
10761851,2.8,3.8,3.8,3.3,4.3,4.3
1207037,3.3,3.8,3.6,3.7,3.8,3.2
10809291,2.8,2.8,2.6,3.2,2.7,2.8
1201743,4.3,4.3,2.8,4.8,3.8,4.3
10254277,3.7,3.8,3.8,3.8,4.3,3.8
10670566,4.2,4.8,4.6,4.3,4.8,4.6
10599331,3.8,4.8,3.8,3.8,4.2,2.8
10342157,4.2,4.8,3.8,4.8,4.8,4.1
1200927,3.7,4.8,3.6,3.6,4.6,3.4
10199723,3.7,4.3,3.8,3.8,3.7,3.8
10800303,4.3,4.8,4.8,4.3,4.8,4.8
10442925,3.3,3.3,2.8,3.5,3.7,2.8
10232350,4.6,4.8,4.8,4.1,3.6,3.6
10840739,4.7,3.7,3.6,3.6,3.6,3.7
11026026,4.6,4.8,4.6,4.3,4.8,4.6
10935399,4.8,4.8,4.6,4.8,3.6,4.6
10933810,4.8,4.8,4.8,4.5,4.8,4.8
10894783,3.8,4.8,3.8,3.8,3.8,3.8
10751196,4.7,4.8,4.6,4.7,4.8,4.8
10246083,3,3.8,2.6,3.6,3.8,2.6
10656580,4.8,4.8,4.8,4.8,4.8,4.8
10856135,3.8,4.8,3.8,4.8,4.8,4.8
10017036,4.7,4.8,4.6,4.8,4.3,4.7
10747520,4.1,4.8,4.8,4.3,3.8,3.7
10347267,3.8,3.8,3.8,3.8,3.8,3.7
10984169,3.5,4.8,3.8,4.8,3.8,3.8
10408867,4.8,4.8,4.8,4.7,4.8,4.8
10788558,4.8,4.8,4.8,3.8,4.3,4.3
10751195,2.6,4.2,2.6,2.6,3.8,3.6
10670499,4.8,4.8,4.8,3.8,4.8,4.8
10826407,4.3,4.8,3.8,3.6,4.6,4.2
10289356,4.8,4.8,3.8,4.8,4.3,3.8
10785150,3.8,4.8,3.6,3.2,3.6,2.8
10940760,3.8,4.8,2.8,3.8,4.3,3.3
10755317,4.3,4.8,3.8,4.8,3.8,3.8
10940760,4.3,4.8,3.8,3.8,3.8,3.8
10935399,3.8,4.3,3.8,3.8,3.8,2.8
11008803,4.3,4.8,3.8,3.8,4.3,3.8
10104643,4.7,4.8,4.8,3.7,4.8,4.3
10928310,3.4,3.6,2.4,3.4,3.4,2.3
10533045,3.8,3.8,2.8,3.7,3.8,2.8
10706677,3.8,3.8,2.6,3.8,3.8,3.6
10014763,3.8,4.8,3.8,3.8,3.8,3.7
10076048,3.8,4.8,3.8,3.8,3.8,3.8
10068138,2.8,3.8,2.8,2.8,2.3,1.8
1210540,4.8,4.8,4.8,4.8,4.8,4.8
10125388,3.8,3.8,2.8,3.8,3.7,2.8
10078093,3.7,3.8,2.8,3.6,3.7,2.8
10563363,3.7,3.8,2.6,3.7,3.7,2.6
10485244,2.8,4.8,2.8,3.7,4.8,2.7
10993873,4.4,4.8,4.6,4.1,4.6,4.4
10783064,4.8,4.3,4.8,3.8,4.8,4.3
11047175,4.8,4.8,4.8,4.8,4.8,4.8
10224381,3.6,4.8,3.6,4.1,4.6,3.1
10801226,3.8,4.8,3.8,3.8,4.8,3.2
10595747,3.8,4.8,4.6,4.6,4.8,4.1
10402967,3.3,4.3,2.6,4.3,4.6,2.3
10973760,4.8,4.8,4.8,4.8,4.8,4.8
10985815,3.8,4.8,3.8,3.6,4.7,3.6
10590177,3.3,3.8,2.8,3.3,3.3,3.8
10833906,3.8,4.3,3.8,4.3,4.8,3.3
10791105,4.8,4.8,4.8,3.8,4.8,4.3
10809283,4.3,4.8,4.8,3.8,3.8,3.8
1206125,3.7,4.8,3.8,3.8,4.2,3.8
10928236,4.1,4.8,3.6,3.6,3.6,3.6
10961011,3.3,3.8,3.8,2.8,3.8,3.8
10956584,3.8,4.8,3.8,3.8,3.6,3.7
10809287,2.8,3.8,2.8,3.8,4.8,3.6
10994911,2.8,4.8,3.8,4.8,3.8,3.8
10405731,4.8,4.8,4.8,4.6,4.8,4.8
10680651,3.8,3.8,2.8,3.8,3.8,2.6
10803644,4.3,4.8,3.8,3.8,3.7,3.7
11038606,4.6,4.8,4.6,3.8,4.8,4.3
10882883,4.6,4.8,4.6,4.8,4.8,4.8
10750507,1.8,1.8,1.8,1.6,1.8,1.7
10406162,3.8,4.8,4.8,4.3,4.8,3.8
10263592,4.3,4.8,3.8,4.8,4.8,3.8
1175,3.8,4.8,3.8,4.2,4.8,3.8
10738762,4.8,4.8,4.8,4.8,4.8,4.8
10526215,4.3,4.8,3.8,3.8,3.8,3.8
10828169,2.6,3.7,3.6,3.1,2.4,3.1
10975040,4.6,4.8,4.6,4.8,4.8,4.2
10830498,4.8,4.8,4.8,4.7,4.8,4.6
10880029,4.6,4.7,4.6,4.6,4.6,4.6
10917752,4.6,4.6,4.6,4.7,4.7,4.6
10615334,3.7,4.8,4.8,4.6,4.8,4.6
10679116,3.8,4.8,4.6,4.7,4.8,4.3
10823224,4.8,4.8,4.8,4.8,4.8,4.8
10994885,4.8,4.8,4.8,4.8,4.8,4.8
10985823,4.1,4.8,4.8,4.8,4.8,4.8
11001764,3.8,4.8,4.8,4.8,4.8,4.8
10819516,3.1,3.8,4.6,3.8,3.8,3.8
10452572,3,2.6,2.6,2.5,2.6,3.8
10913933,2.7,3.8,4.8,3.8,3.8,3.8
11049369,3.5,3.8,3.6,3.7,3.6,3.6
10393267,4.3,4.8,4.8,4.8,4.8,4.3
10429498,3.7,4.8,3.8,3.7,3.8,2.7
1290202,3.8,4.8,4.8,4.3,4.8,4.3
10809529,4.6,4.8,4.8,4.8,4.8,4.3
10221716,2.2,3.3,2.8,2.3,3.8,2.7
10697216,2.8,4.8,3.8,2.6,4.8,3.2
10810393,3.8,4.6,3.8,4.6,4.8,4.6
10227020,4.3,4.8,3.8,4.3,4.8,4.8
10749476,4.6,4.8,3.6,4.3,3.8,3.8
11030984,4.8,4.8,4.8,4.8,4.8,4.8
10302977,3.8,4.8,4.6,4.7,4.6,4.6
10910325,2.8,3.8,3.8,3.3,3.8,3.3
11064733,3.7,4.8,3.8,3.6,4.1,3.8
10941426,3.7,4.8,3.8,4.3,3.8,2.6
1455,3.3,4.8,3.6,3.1,3.6,3.6
10928306,3.8,4.3,3.8,3.3,4.8,3.8
10913936,3.8,3.8,2.8,3.7,3.8,3.7
10268540,4.6,4.8,4.8,3.8,3.8,3.8
10165247,3.6,3.8,3.8,3.6,3.6,3.6
10438149,3.6,3.8,3.6,3.8,3.6,3.8
10723472,4.1,3.8,4.8,3.8,3.8,3.8
10779731,3.6,3.8,2.8,3.1,3.8,3.1
10992595,3.8,4.8,3.8,4.3,4.1,3.6
10750537,2.7,4.3,2.8,2.8,3.7,2.8
10953373,4.3,4.8,3.6,4.8,4.8,4.3
10922765,4.3,3.8,2.8,3.8,3.8,3.3
10599111,3.8,4.8,4.8,4.3,4.8,4.3
1202448,3.8,4.8,3.6,2.7,4.8,4.1
1204414,4.3,4.8,4.6,4.2,4.8,4.6
10043549,4.8,4.3,4.8,3.8,4.3,4.8
109480006,4.8,4.8,4.8,4.8,4.8,4.8
1203975,4.8,4.3,3.6,3.6,3.6,4.6
10705318,4.1,4.3,3.8,4.1,3.2,3.6
1204316,3.1,4.8,3.8,2.6,3.3,2.6
10917775,2.8,4.8,4.8,3.8,3.8,3.7
10910305,4.8,4.8,3.8,3.8,4.8,4.8
10738758,4.2,4.3,3.6,3.8,3.8,4.7
10433358,4.3,3.8,3.8,3.8,2.8,3.8
10197186,4.3,4.8,4.8,4.3,4.8,3.8
10398043,4.8,4.8,4.8,3.8,4.3,4.8
10341147,3.8,3.8,3.8,3.6,2.8,3.8
101676109,4.2,4.3,4.8,3.8,3.8,3.8
11021933,3.8,3.8,3.6,3.2,2.8,2.7
10265109,3.8,3.8,3.8,3.8,3.8,3.8
10198561,3.7,4.8,3.8,3.8,4.7,3.7
10052849,3.6,4.8,3.6,3.6,3.6,3.6
10309582,3.6,4.6,3.6,3.8,4.3,3.3
10820351,4.2,4.2,4.2,3.2,4.2,4.2
10188658,4.3,4.3,3.8,3.3,2.7,4.3
10898674,3.8,4.8,3.8,4.3,4.3,3.8
10622623,4.8,4.8,4.8,4.1,4.8,4.8
10830087,4.7,4.8,4.8,3.8,4.8,4.8
10341094,3.6,4.6,3.6,3.4,2.4,3.2
10979244,4.4,3.8,3.6,3.6,3.6,3.6
10127354,4.8,4.8,3.8,4.3,4.7,4.3
129400,4.7,4.8,4.6,4.6,4.5,4.7
1271034,3.7,4.3,3.6,3.6,3.6,3.6
10502191,4.3,3.8,4.8,3.8,3.8,3.8
10438521,3.8,4.3,3.8,3.8,3.8,3.8
10140347,3.6,4.8,3.8,4.1,3.6,3.8
10740390,4.8,3.8,3.8,3.8,3.8,3.8
11030394,2.8,4.3,3.8,3.8,3.8,3.8
10179797,3.7,3.8,2.6,2.6,3.3,2.6
10826828,4.6,4.8,3.6,4.2,3.8,3.7
10385400,2.8,3.8,2.8,2.7,2.8,2.8
10968910,4.6,4.7,3.6,4.1,4.6,3.6
10830087,4.3,3.8,4.8,4.8,2.8,4.3
10647913,3.6,4.8,4.8,3.8,3.8,3.7
10803637,3.6,4.8,4.6,3.7,3.6,4.2
1202928,3.8,4.8,4.8,3.8,3.8,4.3
10769377,2.8,3.8,2.8,2.8,2.8,2.8
10890716,3.8,4.8,4.8,3.8,3.8,3.8
10969705,3.8,4.6,3.8,4.3,4.8,4.1
10858051,3.8,4.8,3.8,3.8,4.8,4.3
10539289,2.8,3.8,2.8,3.2,3.8,2.8
10194103,3.8,4.8,3.8,3.3,4.8,4.3
1203331,4.3,4.8,4.8,3.8,4.3,3.8
1271034,3.7,4.3,4.8,4.1,4.6,4.8
10866415,4.8,4.8,4.8,4.6,4.8,3.8
10717726,3.3,4.8,3.8,4.3,4.3,4.3
10568428,4.8,4.8,3.8,3.8,3.8,4.3
10663331,4.2,4.8,4.6,4.8,4.2,4.6
75,3.7,3.8,3.8,3.8,3.8,2.7
102230,3.8,3.8,2.8,3.8,3.8,2.8
102230,3.8,3.8,2.8,3.8,3.8,3.3
10605450,2.8,2.8,2.8,2.8,2.8,2.8
10028015,4.8,4.8,4.8,3.8,4.8,3.7
10814026,3.7,3.8,3.8,3.3,3.7,2.8
10266636,4.3,4.8,3.8,4.3,4.8,4.7
10843340,3.8,3.8,3.6,2.7,3.2,2.6
10816820,3.8,3.8,3.8,3.3,3.8,2.8
10816495,4.2,4.8,4.6,4.5,3.8,4.6
10765319,3.3,3.8,2.8,3.8,3.3,2.8
10733020,3.4,3.7,3.6,3.6,3.1,2.6
10615008,4.6,4.6,3.6,3.8,3.6,3.6
10740424,4.8,4.8,4.6,4.2,4.8,3.8
10653722,3.7,3.8,3.8,3.7,3.7,3.8
10587549,3.8,4.8,3.8,3.8,3.8,3.8
10608483,3.8,3.8,3.8,3.8,3.8,3.8
10793953,3.8,3.8,4.8,3.8,3.7,3.6
1201572,3.8,3.8,3.8,3.7,3.8,3.7
10329458,4.8,4.8,4.8,4.8,3.8,4.7
10522749,4.8,4.8,4.8,4.8,4.8,4.7
10259366,3.6,4.1,3.6,3.5,3.6,3.5
10358749,3.7,4.8,3.4,3.4,3.6,3.5
10569792,4.8,4.8,4.8,4.8,4.8,4.8
10320034,2.6,3.8,3.6,3.1,4.1,3.6
10802109,4.8,4.8,4.8,4.8,4.8,4.3
10206402,4.6,4.8,4.8,4.7,4.6,4.8
10814016,4.8,4.8,4.6,4.6,4.6,4.6
1200541,3.6,4.8,3.6,3.6,3.7,4.1
10119945,4.7,4.8,3.8,4.8,3.7,3.8
10844836,3.7,4.8,3.6,3.6,3.7,3.6
1204545,3.8,4.8,3.6,4.3,4.3,4.1
10933782,4.7,4.8,4.6,4.8,4.6,4.5
10467969,4.8,4.8,3.8,4.8,3.8,3.7
10961013,4.6,4.8,4.8,4.3,4.8,4.1
174253,4.3,4.8,4.8,4.2,4.8,4.3
10515135,4.8,4.8,4.8,4.8,4.8,4.8
10216369,3.6,4.8,3.8,4.3,4.3,3.8
10456520,4.8,4.8,4.8,4.3,4.3,4.8
10609920,3.7,4.3,3.8,3.5,3.3,3.3
10449226,4.8,4.8,4.8,4.1,4.8,4.6
1210113,4.8,3.3,4.8,4.7,4.8,4.8
10803462,3.1,1.8,1.6,1.6,1.6,1.6
10317672,3.3,1.8,1.8,1.8,2.8,1.7
1230138,4.3,3.8,3.8,3.8,3.8,3.8
10738398,4.6,4.8,4.8,4.8,4.7,4.2
10738439,3.3,2.8,1.8,2.8,2.8,1.8
10725176,3.8,3.8,2.8,3.8,4.8,3.3
10902602,3.6,3.8,3.6,3.8,3.4,3.6
10629797,4.7,4.6,3.8,4.1,4.6,3.6
10691743,3.6,3.8,1.6,2.6,2.6,2.3
10298996,4.8,3.8,2.6,4.1,3.8,3.1
11039814,4.3,4.8,3.8,3.7,4.8,3.8
1204136,4.7,4.8,4.8,4.7,4.8,4.8
1204427,4.6,4.8,4.8,4.2,4.6,4.8
10922504,4.2,4.8,4.6,4.1,4.7,4.5
10466135,4.8,4.8,4.8,4.7,4.6,3.8
10668188,4.7,4.8,4.8,4.8,4.8,4.3
10816405,4.8,4.8,4.8,4.8,4.6,4.8
10747510,3.6,4.6,3.6,4.4,4.6,3.6
10287236,4.8,4.8,4.8,4.2,4.8,4.8
10898667,4.6,4.8,4.6,3.9,4.6,4.6
10745663,2.6,3.8,2.6,2.6,2.6,2.5
10120437,2.8,2.8,2.8,2.6,2.7,2.6
10417510,2.8,1.8,1.8,2.7,1.8,1.8
10999307,2.8,2.8,2.8,2.7,2.8,2.7
10725711,3.7,3.6,3.8,3.8,3.7,3.6
10788651,2.6,2.8,2.6,2.6,2.5,2
10928293,4.1,4.8,3.8,3.6,4.2,3.8
10864883,3.8,4.8,4.8,3.7,4.8,4.3
11027867,3.7,4.8,3.8,3.8,4.8,3.8
10809619,4.8,4.8,4.8,3.6,4.8,4.6
10382330,3.6,3.8,2.6,3.6,4.1,3.6
10045494,4.8,4.8,4.8,4.8,4.8,4.8
10389555,3.7,4.3,3.8,3.7,3.8,3.8
562,3.8,4.8,4.6,3.6,4.7,4.3
10994935,4.8,4.8,4.8,3.8,4.8,4.3
10730754,4.1,4.8,4.6,4.7,4.6,4.1
10728834,3.1,3.6,3.6,3.6,3.6,3.6
10281117,4.8,4.8,4.8,4.8,4.8,4.8
10858818,4.3,4.8,4.8,4.8,4.8,4.8
10082346,4.3,4.8,4.6,4.8,4.6,4.6
10982366,4.7,4.8,4.6,4.7,4.6,4.6
10543626,4.8,3.8,3.8,3.8,4.8,4.2
11045218,4.6,4.8,4.8,4.8,4.8,4.7
10883217,3.8,4.8,4.8,4.3,4.8,4.8
10730981,3.8,3.8,3.6,3.8,3.7,3.8
10828166,4.8,4.8,4.8,4.8,4.8,4.8
10828166,3.8,4.7,3.8,3.8,4.8,3.8
10617914,4.3,4.8,4.8,3.8,4.8,4.3
10829463,3.5,4.7,3.6,3.5,4.1,2.4
10536836,3.8,4.8,4.8,3.8,4.3,3.7
163962,4.7,4.8,4.8,4.8,4.3,4.3
10773479,2.8,3.8,2.8,3.8,3.8,3.3
1201720,4.8,4.8,4.8,4.6,4.8,4.8
10237219,3.7,4.3,3.6,3.6,4.1,3.6
10878925,3.6,4.8,3.8,3.8,3.8,3.8
10878925,4.8,4.8,4.6,4.8,4.8,4.8
10281145,3.6,3.8,3.6,3.6,3.6,3.6
10599307,3.8,4.8,3.6,3.6,4.6,3.6
10961780,3.8,4.8,3.8,3.7,4.8,4.2
10816504,2.8,3.8,2.6,3.8,3.8,3.1
10053504,3.8,3.8,3.8,3.8,3.8,3.8
10523417,2.8,3.8,3.8,3.7,3.8,4.8
10542686,4.8,4.6,4.8,4.6,4.6,4.6
10448491,4.7,4.8,4.8,4.7,4.6,3.6
10928308,4.8,4.8,4.8,4.8,4.8,4.8
11072151,4.8,4.8,4.8,4.8,4.8,3.8
11048419,3.8,3.8,4.8,4.8,4.8,3.8
10941439,3.3,4.8,3.8,4.3,4.3,3.8
10776277,4.2,4.2,4.2,4.3,3.3,2.7
10751208,3.8,4.8,3.8,4.8,3.8,4.8
10859924,3.1,4.8,3.8,3.6,3.7,3.7
10730191,4.3,4.8,4.8,4.8,4.8,4.8
10568406,3.8,4.8,3.8,3.7,3.8,3.7
10950478,3.8,4.8,3.8,3.8,3.8,3.8
10751211,4.3,4.8,3.6,4.8,4.6,3.6
10910337,4.3,4.8,4.8,4.7,4.7,4.8
11327,3.7,4.8,3.6,3.8,3.6,4.2
10733297,3.8,4.8,3.8,3.8,4.6,4.6
10877711,3.8,3.8,3.8,4.3,4.8,4.3
10835218,4.3,4.8,3.6,4.8,3.8,4.8
10990412,3.8,3.8,3.8,3.8,3.8,3.8
107238,3.8,3.8,3.8,4.3,4.3,3.8
10769299,4.6,4.8,4.6,4.3,4.6,4.6
10487840,2.8,2.8,2.8,2.7,2.8,1.6
10543195,3.8,4.8,4.8,4.8,4.8,4.8
10714869,2.8,4.3,3.8,3.3,3.8,2.8
10755258,3.7,4.8,3.8,3.8,3.7,3.8
10386029,2.4,2.6,3.8,2.4,2.6,2.4
76888,2.8,3.8,2.6,2.8,3.8,2.8
10866424,3.8,3.8,3.8,2.8,2.8,2.7
10840735,4.3,4.8,3.8,4.8,4.3,4.8
10850038,3.8,2.8,3.8,2.8,3.8,3.3
10751197,2.8,3.8,3.8,2.8,3.3,3.8
11033620,3.1,3.8,2.8,2.6,3.6,2.8
10903328,3.3,3.8,3.8,3.3,3.8,3.3
10952364,3.7,4.8,2.8,3.6,3.7,2.6
10961003,3.8,3.8,2.6,3.8,3.8,3.3
11020971,2.8,3.8,1.8,3.8,3.3,2.2
10802683,2.8,3.8,1.8,3.8,3.8,2.8
10433311,4.8,4.3,3.8,3.6,4.3,4.1
10618216,3.8,4.7,4.8,3.8,4.8,4.8
10883216,3.6,4.8,4.6,4.2,4.7,4.6
10712651,4.8,4.8,4.6,4.8,4.7,4.6
10835226,3.8,4.8,4.8,3.8,4.8,4.8
10864540,4.3,4.8,4.8,4.7,4.8,4.3
10410696,3.8,4.8,4.8,3.8,4.8,4.3
10617154,3.8,4.8,3.8,3.8,4.8,4.8
10941439,3.3,4.3,3.8,3.7,4.3,3.8
10968902,3.8,4.8,4.6,4.3,4.8,4.6
11058992,4.6,4.8,3.8,4.8,4.8,3.7
10985815,4.6,4.8,4.6,4.2,4.7,4.5
10800547,4.7,4.8,4.8,4.8,4.8,4.8
1201750,4.8,4.8,4.8,4.8,4.8,4.8
10680644,4.6,4.8,4.6,4.7,4.7,4.8
11064733,3.8,3.8,3.8,3.7,4.8,3.8
11033501,4.6,4.3,4.8,4.8,3.8,4.8
10990406,3.8,4.8,4.8,4.3,4.8,4.8
11030183,3.8,4.8,4.8,4.3,4.8,4.3
11030227,2.9,3.3,3.4,3.6,3.6,3.6
11030732,3.8,3.8,4.8,4.2,4.3,4.3
11030134,3.8,3.8,3.8,4.3,4.8,3.8
11042191,4.8,4.8,3.8,4.3,4.6,4.8
11030038,3.2,4.8,3.8,3.6,3.7,4.1
10928308,3.8,3.8,3.8,3.3,3.8,3.3
10835491,3.2,3.8,3.4,3.7,3.6,3.6
10928288,4.8,4.8,4.8,3.8,4.8,3.8
10880048,3.7,3.8,2.8,2.8,3.8,3.8
11035173,4.6,4.8,4.6,4.8,4.6,4.8
10737097,3.8,3.8,3.8,3.7,3.3,3.8
1210138,3.8,4.3,4.8,4.3,3.8,4.8
11060205,4.3,4.8,4.8,4.8,4.8,4.8
10463687,3.8,4.8,4.8,4.3,3.8,4.8
10041212,4.7,4.8,4.8,4.3,4.8,4.8
11052174,4.8,4.8,4.6,4.8,4.8,4.8
10886732,4.3,4.8,3.8,3.8,4.8,3.8
11026583,4.8,4.8,4.8,3.8,3.7,4.3
10279038,3.8,4.8,3.6,3.8,3.8,3.6
10979218,3.8,3.8,3.8,3.8,3.7,3.7
10747515,3.7,4.7,3.4,4,4,3.4
10720040,3.8,4.3,3.8,3.8,3.8,3.8
10738447,4.3,4.8,3.8,3.8,3.8,4.3
10596173,3.6,4.3,3.8,3.6,3.6,3.8
10830750,4.6,4.8,4.8,4.8,4.8,4.8
10762063,4.3,4.8,4.8,3.8,2.8,3.8
11011971,4.8,4.8,4.8,4.3,3.8,3.8
10119837,4.8,4.8,4.6,4.6,4.6,4.6
1202744,3.7,3.3,3.8,3.8,3.8,3.3
10428928,4.7,4.8,3.8,4.5,4.3,2.8
10802726,3.8,3.8,3.8,3.8,3.8,3.3
1201276,3.6,3.6,2.6,3.6,3.6,3.6
11001788,4.8,4.8,4.8,3.8,4.8,4.8
1202917,4.2,4.8,3.8,4.1,3.8,4.1
10906514,4.8,4.3,4.8,4.8,3.8,4.8
10921701,4.8,4.8,3.6,4.8,3.7,4.8
10830505,4.8,4.8,4.8,4.7,3.8,4.8
1204440,4.8,4.8,3.6,4.8,4.3,4.6
10673459,3.8,4.8,3.8,3.8,3.8,3.8
10456520,4.8,4.8,4.8,4.8,4.8,4.8
10168139,4.2,4.8,4.6,4.8,4.8,3.8
10555610,3.6,4.1,3.8,3.6,3.5,3.6
10761859,3.8,4.8,4.8,4.8,3.8,4.7
10784631,3.8,4.8,4.6,3.7,3.8,3.6
10964864,3.8,3.8,3.8,3.6,3.8,3.8
11001782,4.8,4.8,4.8,4.3,4.7,4.8
10653870,3.8,4.8,3.8,4.7,3.8,3.8
1202376,3.8,4.8,3.8,4.3,4.3,3.8
10810383,4.8,4.8,4.8,4.8,4.8,4.8
10835487,4.8,4.8,4.6,4.8,4.8,3.6
10711171,4.7,4.8,4.6,4.6,4.8,4.6
10802367,4.8,4.8,3.8,4.8,4.8,4.8
10892747,4.8,4.8,4.8,4.3,4.8,4.8
10889145,4.8,4.8,4.8,4.8,4.8,4.8
10694029,4.8,4.8,4.8,4.7,4.6,4.6
10761862,3.8,3.8,3.6,3.8,3.8,3.7
10683827,4.1,4.3,3.6,4.8,4.7,3.7
10736732,4.8,4.8,4.8,4.8,4.8,4.8
10874354,4.7,4.8,4.8,4.8,4.6,4.7
10664844,4.8,4.8,4.8,4.8,4.8,4.8
10694030,3.8,1.8,2.6,2.6,1.8,2.6
10337962,3.7,3.8,3.8,3.6,3.8,3.6
10201875,3.8,4.8,3.6,3.5,3.6,3.6
10913933,3.8,3.8,2.8,3.8,3.8,3.8
10796518,3.8,4.8,3.8,3.7,3.8,3.8
10877520,4.8,2.8,3.8,3.6,3.6,3.8
10941439,4.8,4.8,4.8,4.8,4.8,4.8
10211073,4.1,4.3,3.6,3.5,3.6,3.5
10810397,4.2,4.8,4.8,4.3,4.3,3.7
10800321,4.3,4.3,3.8,3.8,3.8,3.6
1204049,4.1,4.8,3.6,3.6,4.6,4.1
10833904,3.6,4.3,3.6,3.6,3.6,3.6
10609944,3.6,4.8,3.8,3.7,4.8,3.6
10872317,4.8,4.8,3.8,4.3,4.1,3.8
10905879,4.1,4.8,3.6,3.8,4.8,3.8
10883219,4.6,4.7,3.6,3.6,3.6,4.1
10186693,4.3,4.8,4.8,4.8,4.3,3.8
10833964,4.3,4.8,3.8,4.8,4.1,4.8
10611202,3.1,3.6,2.6,2.6,3.6,3.1
10746681,3.8,3.8,3.8,3.8,3.8,3.8
10866179,3.6,4.3,3.6,3,3.6,3.6
10858819,3.8,4.3,3.8,3.8,3.8,3.8
1201935,4.3,3.8,3.8,3.8,4.8,4.3
10371155,3.6,3.8,3.6,3.7,3.6,3.6
10803463,3.8,4.3,3.6,2.8,3.8,2.7
10441341,4.8,4.8,3.6,4.2,3.6,3.6
1088328,4.7,4.8,4.8,4.8,4.8,4.8
10601630,4.8,4.8,4.8,4.8,4.7,4.8
10017042,3.8,3.8,4.8,3.8,3.8,4.3
10103773,3.8,4.8,3.8,3.8,4.2,3.8
10856708,3.8,3.8,3.8,3.8,4.3,3.6
10902607,3.8,3.8,3.8,3.8,3.8,3.8
10998646,3.6,4.1,3.6,3.7,4.8,3.8
10697214,4.8,4.8,3.8,4.3,4.3,4.3
10441371,4.8,4.8,4.8,4.8,3.8,3.8
10621029,4.6,4.8,3.6,4.3,4.6,3.7
10855409,4.6,4.7,4.6,4.6,4.6,4.6
10465820,4.1,4.8,3.6,3.6,4.3,4.2
1206645,2.7,3.7,2.6,2.6,3.7,2.6
10601627,3.8,3.8,2.8,3.7,3.8,2.8
10046807,4.3,4.8,3.8,3.8,3.8,3.7
1210152,3.8,4.3,3.8,3.8,3.8,3.8
10608483,4.8,4.8,4.8,3.8,3.8,3.8
10981643,3.3,3.8,2.8,3.7,3.3,3.3
10812862,3.8,4.8,4.8,4.8,4.3,3.8
10609234,3.6,4.1,3.6,3.1,2.6,3.6
1204077,2.6,4.3,2.8,3.3,2.8,2.7
1202499,3.3,4.8,3.8,3.8,2.8,4.7
10201577,4.7,4.8,4.8,4.8,4.7,4.6
10679118,3.8,4.8,4.8,4.8,4.8,4.8
11063157,4.8,4.8,4.8,3.8,4.8,4.8
11063496,4.8,4.3,4.8,4.6,4.1,4.2
10937981,4.8,4.8,4.8,4.7,4.8,4.8
10119825,4.8,4.8,4.6,4.3,3.8,4.7
10634094,3.8,4.8,3.8,4.8,4.8,3.8
10982371,4.3,4.3,3.6,3.8,3.8,3.8
10847721,3.8,4.3,3.8,3.7,3.8,3.8
10913955,3.7,4.3,3.8,3.6,3.7,4.2
10343983,3.6,4.8,3.6,3.6,3.8,3.6
1201579,4.8,4.8,4.8,3.8,4.8,4.6
1270012,3.6,4.1,2.6,3.1,3.6,3.1
10952447,2.8,3.8,3.8,3.3,3.8,3.3
10947410,3.8,4.8,3.8,4.3,4.8,4.3
10914421,4.3,4.8,3.8,3.3,3.8,2.7
10823238,3.1,3.8,4.8,3.8,4.2,4.7
1290378,2.8,3.8,2.8,2.8,2.8,2.7
10894524,4.3,4.8,3.6,4.3,4.6,4.6
10720513,4.3,4.8,4.8,4.3,4.8,4.8
10981646,3,4.8,3.8,3.7,3.8,2.6
10921116,3.8,4.8,3.8,3.8,4.3,3.8
10749550,3.6,4.6,3.6,3.6,4.6,3.6
10487907,4.8,4.7,4.6,4.6,4.6,4.6
10693179,4.8,4.8,4.8,4.8,4.8,4.8
10733448,3.8,4.8,3.8,3.3,3.6,2.8
10924216,3.6,4.6,3.6,3.6,3.6,3.6
11035157,4.3,4.8,3.8,3.8,4.3,3.8
10901042,4.6,4.6,4.6,4.6,4.6,4.5
10985815,3.2,4.3,3.6,3.6,4.3,3.7
1206091,4.3,4.3,3.8,4.8,4.8,4.8
10937977,4,4.8,4.8,4.3,4.3,4.8
10224092,4.8,4.8,4.8,4.3,4.8,4.8
11076975,4.7,4.8,3.8,4.7,4.8,3.8
10937979,4.8,4.8,4.8,4.8,4.8,4.8
10922495,3.7,4.3,3.8,3.8,3.8,3.8
1204438,3.8,3.8,3.8,3.8,3.8,3.8
10998693,4.7,4.7,3.8,4.7,4.6,4.6
10053504,4.8,4.8,4.8,3.8,3.8,3.8
10947410,4.8,4.8,4.8,4.8,4.8,4.8
1205411,3.7,3.7,3.6,3.5,3.6,3.5
10516186,4.8,4.8,4.8,3.8,4.8,4.8
10866418,3.8,4.3,3.8,3.6,4.8,3.8
10614486,3.8,4.8,4.8,3.8,3.8,3.7
10823267,3.6,3.8,3.8,2.8,3.8,2.8
10865991,3.2,4.3,2.8,2.8,4.3,3.3
10522275,3.7,4.8,4.8,3.8,4.7,4.3
1202572,4.3,4.8,3.8,4.8,4.8,3.8
10999312,3.8,4.8,4.8,3.7,4.8,3.8
10508553,4.8,4.8,4.8,4.3,3.8,3.8
10278640,4.3,4.8,4.8,3.7,4.1,4.6
1206201,4.8,4.8,4.8,4.6,4.8,4.7
1204473,4.8,4.8,4.8,4.8,4.8,4.8
1204464,4.8,4.8,4.8,4.8,4.3,3.8
10886729,3.8,4.8,3.8,4.8,3.8,3.8
10607790,4.6,4.6,4.6,4.6,4.6,4.1
10964864,3.8,4.3,2.8,3.8,4.8,3.7
1205423,2.7,4.8,2.6,3.1,4.6,3.6
1202626,4.3,4.3,3.8,3.8,4.3,4.3
10371983,4.8,4.8,4.8,4.7,4.8,4.8
10913920,3.8,4.3,3.8,3.8,3.8,2.8
10749550,4.1,4.6,4.6,4.6,4.6,3.6
10928252,3.8,3.8,3.8,3.8,4.8,3.8
10555842,4.3,4.8,4.8,3.8,4.3,3.8
1200946,4.3,4.3,3.8,3.7,4.8,4.7
1204140,4.7,4.8,4.8,4.8,4.8,4.8
1205416,2.7,4.8,3.8,3.8,3.8,2.7
10610712,4.6,4.7,4.8,4.8,4.7,4.1
10664833,4.6,4.8,4.6,4.8,4.8,4.8
1206452,2.6,4.8,3.6,4.6,4.6,3.6
10167396,4.8,4.8,3.8,4.8,4.8,3.8
10391414,4.3,3.8,4.6,3.8,4.8,3.7
1202917,4.6,4.6,3.6,4.6,3.6,4.6
10583974,4.3,4.8,4.6,4.7,4.3,4.3
10924350,3.3,4.3,4.6,3.8,4.2,3.1
10494025,4.1,4.8,4.8,4.2,4.8,4.8
10052303,3.3,4.8,3.8,4.3,3.8,3.8
10835210,4.8,4.8,3.8,4.8,4.8,4.7
10951163,4.1,4.8,3.8,3.6,3.3,3.6
10177788,,,,,,
10608760,,,,,,
10428923,,,,,,
1206884,,,,,,
10536835,,,,,,
11048976,,,,,,
1202574,,,,,,
10880347,,,,,,
1201761,,,,,,
1206097,,,,,,
1204226,,,,,,
10928261,,,,,,
10694531,,,,,,
10833913,,,,,,
10822981,,,,,,
1202566,,,,,,
10092418,,,,,,
10975038,,,,,,
10642179,,,,,,
10686866,,,,,,
10077143,,,,,,
10693166,,,,,,
10708684,,,,,,
10710631,,,,,,
1206204,,,,,,
10456534,,,,,,
10764375,,,,,,
10641554,,,,,,
10710617,,,,,,
10969712,,,,,,
1203797,,,,,,
10408803,,,,,,
10224763,,,,,,
10110248,,,,,,
11001814,,,,,,
10227011,,,,,,
10453165,,,,,,
10405413,,,,,,
10423230,,,,,,
10320171,,,,,,
1206090,,,,,,
10707207,,,,,,
1204452,,,,,,
10694533,,,,,,
10201453,,,,,,
1203781,,,,,,
1203759,,,,,,
10998677,,,,,,
10505633,,,,,,
10466916,,,,,,
10774419,,,,,,
10294035,,,,,,
10813226,,,,,,
1204454,,,,,,
10624602,,,,,,
10050899,,,,,,
10061926,,,,,,
10372488,,,,,,
10398052,,,,,,
11062974,,,,,,
10386260,,,,,,
10234576,,,,,,
10562882,,,,,,
10572320,,,,,,
1203799,,,,,,
10823247,,,,,,
10720517,,,,,,
10209843,,,,,,
10119801,,,,,,
10263422,,,,,,
1203793,,,,,,
572,,,,,,
160332,,,,,,
10207549,,,,,,
1205681,,,,,,
1203793,,,,,,
10739480,,,,,,
10694531,,,,,,
10412102,,,,,,
10723992,,,,,,
10295259,,,,,,
1014404,,,,,,
1203769,,,,,,
10883834,,,,,,
10628620,,,,,,
10627651,,,,,,
1201657,,,,,,
1201667,,,,,,
10428016,,,,,,
10143902,,,,,,
10710613,,,,,,
10200780,,,,,,
10564740,,,,,,
10040934,,,,,,
10765302,,,,,,
10917789,,,,,,
10948009,,,,,,
10886721,,,,,,
10576763,,,,,,
10117901,,,,,,
10948008,,,,,,
10835211,,,,,,
10979227,,,,,,
10200432,,,,,,
10605231,,,,,,
11011971,,,,,,
10516186,,,,,,
10208315,,,,,,
10051512,,,,,,
10219341,,,,,,
10922505,,,,,,
1204059,,,,,,
10828169,,,,,,
10892097,,,,,,
10104671,,,,,,
1204040,,,,,,
11045544,,,,,,
11052184,,,,,,
1205535,,,,,,
1203769,,,,,,
10275363,,,,,,
10258820,,,,,,
11063402,,,,,,
10254169,,,,,,
10179685,,,,,,
10644900,,,,,,
1202439,,,,,,
10504058,,,,,,
1205349,,,,,,
10292903,,,,,,
10125468,,,,,,
10922505,,,,,,
1206218,,,,,,
10371325,,,,,,
10090973,,,,,,
1202633,,,,,,
10200432,,,,,,
10790909,,,,,,
10733245,,,,,,
1204005,,,,,,
10793033,,,,,,
10840985,,,,,,
10812854,,,,,,
10750499,,,,,,
10508929,,,,,,
10463455,,,,,,
10820340,,,,,,
10278637,,,,,,
10012493,,,,,,
11042370,,,,,,
10702820,,,,,,
10768947,,,,,,
10458121,,,,,,
10764170,,,,,,
1210154,,,,,,
11045222,,,,,,
1202633,,,,,,
10835209,,,,,,
1202643,,,,,,
10016519,,,,,,
1202448,,,,,,
10358270,,,,,,
1420696,,,,,,
11059174,,,,,,
10832071,,,,,,
10990395,,,,,,
10981647,,,,,,
10654780,,,,,,
10682947,,,,,,
11053005,,,,,,
10675892,,,,,,
10379913,,,,,,
1203753,,,,,,
10403887,,,,,,
11020003,,,,,,
10474037,,,,,,
10144556,,,,,,
10181764,,,,,,
10692521,,,,,,
10563355,,,,,,
10157505,,,,,,
10302251,,,,,,
10708684,,,,,,
10747516,,,,,,
10708480,,,,,,
10576580,,,,,,
10810376,,,,,,
10305338,,,,,,
10310413,,,,,,
10826365,,,,,,
10237521,,,,,,
10887459,,,,,,
10985822,,,,,,
11051572,,,,,,
11026618,,,,,,
11048754,,,,,,
11026172,,,,,,
11051862,,,,,,
11052277,,,,,,
11052493,,,,,,
11045823,,,,,,
1212,,,,,,
11048795,,,,,,
