No. Empleado ,Insight,Energizar y comprometer,Lograr resultados a trav√©s de otros,Coaching y desarrollo,Influir con integridad,Coraje
10554443,4.8,4.8,4.8,4.8,4.8,4.8
10789266,4.3,4.8,4.8,4.8,4.8,4.8
1206656,4.6,4.7,4.1,4.6,4.6,4.6
10011791,4.1,4.6,4.6,3.6,3.6,3.8
1201547,4.3,4.8,4.8,3.8,4.8,3.8
10286163,4.6,4.3,4.1,3.6,3.6,3.8
10395828,4.7,4.6,3.6,4.6,3.8,4.3
1204055,3.4,4.8,4.6,3.6,4.6,4.2
1203963,3.7,4.8,4.1,4.8,4.8,4.8
1203722,4.7,4.8,4.8,4.8,4.6,4.8
1204879,3.7,4.8,4.6,3.6,3.6,4.8
10167969,4.8,4.7,4.3,4.8,4.8,4.8
10479026,4.8,3.7,4.8,4.8,4.8,4.8
10577572,4.2,4.6,4.6,4.8,4.6,4.6
1203797,3.8,4.8,4.8,4.8,4.8,4.8
10090114,4.6,4.8,4.8,4.6,4.8,4.8
10151259,3.6,4.1,4.1,4.6,3.6,4.6
10293015,3.7,3.7,3.7,3.6,3.6,3.6
10246070,4.6,4.6,4.6,4.6,4.6,4.6
1206553,3.7,4.2,4.7,3.8,3.8,4.3
1206560,4.6,4.5,4.6,4.6,4.6,4.6
10431880,4.6,4.6,4.6,4.6,4.6,4.6
1204240,3.6,4.8,4.8,4.8,3.8,4.7
10969714,3.8,2.6,3.8,3.8,3.8,3.8
10555858,3.2,3.7,2.8,2.8,3.8,2.8
1210046,4.6,4.8,4.2,4.6,4.8,4.8
10141374,4.8,4.3,4.8,4.8,4.8,4.8
1203666,4.8,4.3,4.3,3.8,4.8,4.8
10260990,3.8,4.3,3.7,3.8,3.8,3.8
1202083,3.6,3.8,3.8,3.8,3.8,4.3
10819526,4.7,4.7,4.8,4.8,4.8,4.8
10109569,3.7,4.8,4.8,4.8,4.8,4.8
10232278,4.6,4.8,4.8,4.6,4.8,4.8
1200734,4.6,4.2,3.6,3.8,3.8,3.6
1202015,4.3,4.8,4.3,3.6,3.8,4.8
10612503,3.5,4.1,3.7,3.6,4.6,3.6
10255222,3.6,4.6,3.6,3.6,3.6,4.6
11054203,3.8,4.2,3.8,3.6,3.8,3.8
10866417,4.6,3.8,3.6,3.6,4.6,4.6
10703449,4.6,4.7,4.6,4.6,4.6,4.6
10477602,4.5,4.6,4.1,3.6,4.6,3.6
10711830,3.2,3.5,4.6,2.6,3.6,4.6
10870779,4.2,3.8,3.8,3.8,3.6,3.8
10382358,4.7,4.3,4.8,4.6,3.6,4.8
10921777,3.6,3.6,3.6,2.6,3.6,3.6
11029593,4.8,4.8,4.6,4.8,4.8,4.8
10281566,3.6,3.8,4.8,3.6,3.8,3.7
10305794,4.8,4.6,4.8,4.6,4.8,4.8
11021515,3.7,4.8,4.3,3.6,4.6,4.3
10552532,4.8,4.3,4.8,3.8,4.8,4.8
10501119,3.6,3.9,3.4,3.6,4.4,4.6
10411332,4.7,4.6,4.7,4.6,4.8,4.7
1201572,4.8,4.7,4.6,4.8,4.6,4.2
10453093,3.8,4.3,3.6,3.8,3.8,3.8
10202391,3.8,3.8,3.8,3.8,2.8,3.8
1200648,4.1,4.6,3.8,4.4,4.8,4.8
10487847,4.8,4.8,4.8,4.6,3.8,4.3
1203425,4.7,4.7,4.6,4.6,4.6,4.8
10574928,3.6,4.8,3.6,3.6,4.6,4.3
10448771,3.7,4.8,3.6,4.6,4.8,3.8
10389337,4.3,4.8,4.3,4.8,4.8,4.3
10919403,4.7,4.8,4.2,3.8,4.8,4.8
1201376,4.6,4.7,4.3,4.8,4.8,4.7
1290388,4.3,4.8,4.3,4.6,4.8,4.7
10410188,4.8,4.8,4.8,4.8,4.8,4.8
10183866,4.3,4.8,4.8,4.8,4.8,4.8
10749598,4.6,4.1,4.6,4.6,4.4,4.4
10098645,4.6,4.6,4.6,4.6,3.4,4.6
10281819,3,4.7,4.1,3.4,4.6,3.9
10764113,4.6,4.5,4.6,4.6,4.6,4.6
10355463,4.1,4.7,4.6,3.6,4.6,4.6
10379245,3.8,4.8,4.3,4.8,3.8,4.3
10072226,4.8,4.8,4.8,4.8,4.8,4.8
10172176,4.7,4.6,3.1,1.6,4.6,4.6
1203902,4.6,4.1,4.6,3.6,4.6,4.7
10257355,3.8,4.8,3.8,3.8,3.8,3.8
10551945,4.3,4.8,4.8,4.8,3.8,4.3
1201155,4.8,4.8,4.8,4.8,4.8,4.6
10380295,4.8,4.8,4.7,4.8,3.8,4.6
1202065,3.6,4.2,3.6,3.6,3.8,4.2
10940754,3.8,4.8,4.8,3.8,4.8,4.8
10886031,4.8,4.8,4.8,4.8,4.8,4.8
10806932,4.8,4.8,4.6,4.6,4.8,4.7
1998659,3.8,3.8,3.3,3.8,2.8,3.8
10583577,3.6,4.6,4.6,4.6,4.6,4.6
1290231,4,4.6,4.6,4.6,4.6,4.6
10048888,4.6,3.4,4,4.6,4.6,4.1
10746356,4.6,4.8,4.7,4.6,4.6,4.6
10614985,3.5,3.5,4.1,2.4,3.6,4.1
10700472,4.4,3.6,3.5,3.4,3.6,3.6
1203021,4.6,3.6,3.6,3.8,4.6,4.6
1203754,4.4,4.3,4.6,4.4,4.6,4.4
1201975,4.4,4.5,4.4,4.4,4.4,4.4
10590833,4.6,4.1,4.5,4.4,3.6,4.6
1290008,4.5,4.6,4.5,4.4,4.4,4.4
10456443,4.8,3.8,3.8,4.8,4.8,3.8
10200414,3.8,4.3,3.7,3.8,3.8,4.3
1201472,4.6,4.6,4.6,4.4,3.6,4.1
10703406,4.1,4.6,4.6,4.4,4.6,4.6
1200638,3.9,4.6,3.4,3.4,4.4,4.6
10621377,3.4,4.6,4.5,2.4,3.6,4
10224731,4.1,4.2,3.8,4.8,3.8,3.8
10442570,4.2,4.8,4.7,3.6,3.6,3.7
10429860,4.6,4.7,4.8,3.8,4.8,4.8
10402697,4.7,4.3,4.3,4.6,4.8,3.8
1210184,3.8,4.8,4.7,2.8,2.8,3.3
174252,4.8,4.7,4.7,4.8,4.8,4.8
10117215,4.6,4.8,4.8,4.8,4.8,4.8
1290401,4.8,4.8,4.8,3.8,4.6,4.8
10263731,4.8,3.8,3.7,4.8,3.8,4.8
10354179,4.3,4.8,3.8,4.8,4.8,3.3
1200654,4.6,4.8,4.6,4.6,4.8,4.8
10167302,4.6,4.8,4.8,4.6,4.6,4.8
10968888,4.5,4.8,4.8,3.6,4.8,4.3
1202433,4.7,4.7,4.2,3.6,4.8,4.7
1204259,3.3,3.6,3.6,3.6,3.6,3.6
1204866,4.6,4.5,4.6,4.4,4.6,4.6
10612525,4,3.7,3.6,3.6,4.8,4.3
183566,4.8,4.8,4.3,4.8,3.8,4.8
10016324,4.3,4.5,4.4,4.2,4.6,4.4
10188659,3.6,3.8,4.2,3.8,4.6,4.8
10844860,4.8,4.8,4.8,4.8,4.6,4.8
10526980,4.6,4.7,4.6,4.6,4.6,4.6
10931962,3.6,3.6,3.6,3.6,3.6,3.1
1200621,4.5,4.5,4.1,4.2,4.6,4.7
10281714,3.7,4.6,4.4,3.4,3.6,4.1
10435124,4.8,4.6,4.8,4.6,4.8,4.8
10015365,3.7,4.8,4.6,4.6,4.8,4.6
1201759,4.8,4.8,4.8,4.8,4.8,4.8
11043645,3.1,4.6,3.7,4.6,3.6,3.7
10347268,3.6,4.2,3.5,3.6,3.6,4.7
10596033,4.6,4.8,4.8,4.8,4.8,4.8
1206556,4.8,4.8,4.3,4.8,4.8,4.8
165241,4.1,2.6,2.7,2.6,4.6,4.6
10513145,3.9,4.4,3.4,4.4,4.4,4.4
10284233,4.6,4.6,4.8,4.6,4.6,4.8
10012703,4.4,4.6,4.8,4.8,4.8,4.6
10400088,4.6,3.8,4.1,3.8,3.8,4.7
10577645,4.8,4.8,4.8,4.8,4.8,4.3
1202044,4.6,4.8,4.6,3.6,3.6,4.2
10655826,3.6,4.7,3.6,4.6,3.6,4.6
10200532,4.5,4.8,4.3,4.4,4.4,4.4
10118088,3.6,3.6,3.6,3.6,4.8,4.6
1201145,3.6,4.8,4.7,4.6,4.4,4.6
1203232,4.7,4.7,4.8,4.6,4.6,4.7
10036177,4.4,4.2,4.6,4.4,4.4,4.7
10908004,4.4,4.4,4.6,3.4,4.4,4.6
1201030,3.6,4,3.5,3.6,3.6,3.6
10502744,4.3,4.4,4.4,3.2,4.8,3.8
10353297,4.4,4.6,3.4,4.6,4.4,4
10977945,3.6,4.6,4.6,4.4,3.6,4.6
10772620,4.5,4.6,4,3.4,4.4,3.9
10560320,3.6,4.8,4.8,4.8,4.6,4.8
1200548,4.8,4.8,4.8,4.8,4.8,4.8
10755317,4.6,4.6,4.6,4.6,4.6,4.7
10496267,4.1,4.5,4.6,4.4,4.6,4.6
10720513,4.8,4.7,4.8,4.6,4.8,4.8
10697516,4.6,3.8,4.6,4.8,4.8,4.8
1204237,4.1,4.6,4.1,4.8,4.6,4.7
10776399,4.6,4.8,4.6,3.6,4.6,4.3
10759492,4.6,4,4.6,4.4,4.6,3.6
10485158,4.8,4.8,4.8,4.6,4.6,4.6
10852784,4.7,3.6,3.1,2.6,3.8,3.7
10189100,4.5,4.4,4.6,4.4,4.4,4.5
10802730,4,4.4,3.5,3.2,4.2,3.4
10839215,4.5,3.4,4.6,3.2,3.4,3.6
1203697,4,4.7,4.4,3.4,4.6,3.5
1203998,4.4,4.6,4.5,4.6,4.6,4.6
10372491,4.5,4.1,3.4,3.4,3.6,2.6
10754674,4.8,4.8,4.8,4.8,4.8,4.8
10763313,4.7,4.8,4.6,4.6,4.6,4.8
10856124,4.6,4.1,3.9,4.2,3.8,4.8
11062298,4.6,4.8,4.5,4.4,4.8,4.8
10220906,3.6,4.6,4.2,4.8,4.6,4.6
10895098,4.5,4.8,4.6,4.6,3.6,3.6
10789223,3.1,4.5,4.6,3.6,4.8,4.6
10584431,4.1,4.7,4.6,4.6,4.6,4.6
10859159,4.5,4.5,4.5,4.6,4.6,4.5
10519202,4.6,4.6,4.6,3.4,4.6,4.6
10018309,3.4,4.5,4.6,3.6,4.6,3.4
10012703,4.4,4.4,4.6,4.6,4.6,4.6
10747720,4.1,4.2,4.8,3.6,4.8,4.8
10423100,4.6,4.6,4.4,4.4,4.6,4.4
10476082,4.6,3.1,4.6,4.6,4.6,4.6
11044281,4.1,4.7,4.6,3.6,4.8,4.6
10776390,4.6,4.6,4.6,4.6,4.6,4.6
10238372,4.1,4.6,4.7,4.8,4.8,4.6
1204157,4.8,4.8,4.8,4.8,4.8,4.7
10998685,4.4,4.8,4.6,4.8,4.8,4.8
10961015,3.5,4.6,4.6,2.6,4.6,4.1
10063977,4.7,4.6,4.7,4.6,4.8,4.8
11052481,4.1,4.7,4.6,4.4,3.6,3.7
10583577,4.7,4.7,4.8,4.6,4.6,4.6
10788587,4.1,4.8,4.8,4.6,3.8,4.3
10761470,3.8,4.8,3.7,3.6,3.8,4.8
10788058,4.6,3.6,4.1,4.6,3.6,4.1
10828166,4.6,4.6,4.6,4.6,4.8,4.6
10015385,4.7,4.3,3.6,3.8,4.6,3.7
10864558,4.4,4.4,4.5,4.4,4.6,4.6
10856127,4.4,4.6,4.5,4.4,3.6,4.6
11052201,4.6,4.8,4.6,4.6,4.8,4.8
11060178,4.8,4.6,4.7,4.8,4.6,4.8
10271704,4.8,4.6,4.6,3.6,4.8,4.6
10482196,4.1,3.7,4.6,4.6,3.4,4.6
10363730,3.1,3.6,3.6,3.6,4.6,4.7
11004920,4.1,3.6,2.7,3.6,2.8,3.7
11030425,4.5,4.8,4.8,4.8,4.4,4.6
10300960,3.4,4.3,4.1,3.6,3.6,3.4
10859115,4.5,4.4,4.6,3.6,4.4,4.4
10886727,4.7,4.8,4.8,4.8,4.8,4.8
10234573,4.7,4.8,4.6,3.8,3.6,4.3
10961014,3.5,4.1,2.6,3.6,3.6,2.6
10968928,4.6,4.3,4.7,4.8,4.6,4.7
10737087,3.7,4.6,4.1,3.4,4.6,4.6
11008801,4.4,4.6,4.6,4.6,4.6,4.6
10984272,4.6,4.5,4.6,4.4,4.6,4.6
10354350,2.4,3.9,3.6,3.4,3.6,3.5
10202616,4.3,4.6,4.8,4.6,4.8,4.8
10577753,4.5,4.6,4.6,4.6,4.6,4.6
1203813,4.4,4.7,4.6,4.4,4.8,4.6
10773479,4.6,3.8,4.6,4.2,4.4,4.6
10933784,4.4,3.5,4.6,3.6,3.4,3.6
1201443,4.3,4.6,4.4,4.6,4.6,4.6
10425557,4.6,4.6,4.6,4.6,3.6,4.6
1204181,4.6,4.6,4.6,4.6,4.8,4.8
10548800,4.2,4.6,4.6,4.6,4.8,4.8
10699925,4.2,4.1,4.8,4.6,3.8,4.7
10813240,4.5,4.8,4.8,4.6,4.6,4.8
1201118,4.7,4.8,4.8,4.8,4.8,4.8
1210141,4.3,4.8,4.8,4.8,4.6,4.3
1202684,4.6,4.3,3.7,3.8,3.6,4.7
10826383,4.6,4.6,4.6,4.6,4.6,4.6
10449577,3.8,3.7,3.7,3.6,3.4,3.6
10779214,4.6,4.7,4.6,4.6,4.4,4.6
10779215,4.5,4.1,4.1,3.6,3.4,3.6
10813216,4.4,4.8,4.6,4.4,4.4,4.4
11013558,3.6,4.2,3.6,3.6,3.6,3.6
10068670,4.3,3.8,4.3,3.8,4.8,4.8
11034111,4.3,4.6,4.4,4.4,4.4,4.4
11041390,2.6,3.8,3.8,3.4,3.8,3.8
10776374,3.6,4.3,3.8,2.6,4.6,3.8
11040318,3.8,4.8,4.8,4.6,4.8,4.7
10023587,3,2.7,4.5,3.6,3.6,3.1
10802725,3.9,4.5,3.9,4.6,4.6,4.4
10788437,1.5,1.5,3.6,4.4,4.6,4.6
11051573,3.3,4.8,3.8,4.8,3.8,4.8
10562854,4.4,4.6,4.4,4.2,4.4,4.5
10780593,4.3,4.8,4.7,4.6,4.8,4.8
10472084,3.1,4.4,4.6,4.6,4.8,4.6
10727191,4.6,4.7,4.8,4.6,4.6,3.8
10385756,3.6,4.6,4,4.6,4.6,3.6
10844580,2.7,1.8,1.6,2.6,1.6,1.8
1202978,4.6,4.8,4.3,4.8,4.8,4.8
10842967,4.4,4.8,4.6,4.6,4.4,4.6
10538996,4.4,4.4,4.4,4.4,4.6,4.6
10648173,4.8,4.8,3.8,4.8,4.6,4.6
1202650,4.5,4.6,4.6,4.6,4.6,4.6
10743465,3.6,4.7,3.6,4.6,4.8,4.6
10026001,4.8,4.8,4.6,3.8,4.8,4.8
11008457,4.6,4.6,4.6,4.6,4.6,4.6
10066477,4.6,4.6,4.6,4.6,4.8,4.6
10331085,4.6,4.5,4.6,4.6,4.6,4.6
10182486,3.7,4.8,4.2,3.6,4.8,3.7
10661146,4.4,4.6,4.6,4.6,4.6,4.6
10871738,3.6,4.2,3.7,3.6,3.8,3.8
1202440,3.7,4.8,4.7,3.8,3.8,3.8
10895100,4.8,4.7,4.7,4.6,4.6,4.6
10543198,4.5,4.8,4.6,4.6,4.6,4.6
10973758,4.6,4.1,3.6,3.6,4.6,3.6
10053128,4.1,4.6,4.1,3.4,3.6,4.6
10182474,4.3,4.7,3.8,3.8,4.8,4.6
1201833,2.5,4.6,3.6,3.6,4.6,4.1
10179771,4.8,4.3,4.8,4.8,4.8,4.8
1290329,4.4,4.4,4.4,4.4,4.6,4.4
10960998,3.8,3.8,3.8,3.8,4.8,4.8
10265377,4.6,4.8,4.7,4.8,4.8,4.8
1200695,2.4,4.6,3.6,4.4,2.6,3.5
21894760,4.6,4.6,4.6,4.6,4.6,4.6
10555294,4,4.8,3.6,3.6,4.6,3.1
10338342,3.8,4.8,4.8,4.8,3.8,4.3
10580121,4.5,4.1,4.6,4.4,4.4,4.5
10364191,3.6,3.7,3.7,4.8,3.6,4.6
10596255,4.1,4.7,4.6,3.8,4.6,4.8
10021441,3.4,4.6,3.4,3.4,3.6,4.1
10789242,4.4,4.6,4.6,4.4,4.6,4.5
10449905,2.9,4.6,3.5,3.6,3.4,3.6
10661427,4.6,4.8,4.8,4.8,4.8,4.8
10492687,4.3,4.8,4.3,3.8,3.8,4.3
10765315,3.6,4.8,3.7,4.8,4.6,4.8
10643539,3.6,4.8,4.2,3.8,3.8,4.8
10910321,4.6,4.6,4.6,4.4,4.6,4.6
10643198,3.4,4.8,4.1,3.6,3.6,3.7
10977934,4.1,4.8,3.6,3.8,4.6,3.7
10386037,3.5,3.6,3.1,2.6,3.4,2.6
10601912,4.1,4.8,4.6,4.6,4.8,4.8
10078561,3.6,4.8,4.6,4.6,4.6,4.1
11030057,4.6,4.6,4.1,4.6,4.6,4.6
11029289,4.6,4.6,3.6,3.6,3.6,4.6
10016875,3.6,4.6,4.6,4.6,4.6,4.8
10637758,3.6,4.3,3.6,2.6,3.8,3.6
10779714,3.9,4.3,4.4,4.4,3.4,4.5
1201171,4.4,3.6,4.1,3.6,4.6,4.1
10355463,3.4,3.6,3.6,3.6,3.6,3.6
10456537,4.4,4.6,4.6,4.6,4.6,4.6
10659930,4.4,4.6,4.6,4.6,4.6,4.6
10985821,4.8,4.8,4.6,4.8,4.6,4.8
10263850,4.3,4.8,3.8,3.8,3.8,3.8
1203625,4.8,4.8,4.8,4.8,4.8,4.8
10979224,3.8,4.8,4.3,4.8,3.8,3.8
11054705,4.7,4.8,4.8,4.8,3.6,4.8
11026910,4.6,3.8,2.8,2.6,3.6,4.8
10711864,3.8,3.3,3.8,3.8,3.8,3.8
10816498,4.7,4.8,4.8,3.8,4.8,4.8
10877042,4.3,4.6,4.6,3.6,4.6,4.3
1202652,4.6,4.8,4.7,4.6,4.6,4.6
1200791,4.6,3.8,4.7,4.6,4.8,4.7
10016341,4.1,4.6,4.6,4.6,4.6,4.6
1200750,4.6,4.6,4.6,4.6,4.6,4.6
10430431,4.1,4.6,4.6,4.6,4.6,4.8
10029347,4.4,4.6,4.1,3.6,4.4,4.5
10985829,3.8,4.8,4.8,4.8,3.8,4.8
10389242,4.8,4.8,4.8,4.8,4.8,4.8
10202628,4.8,4.8,4.3,4.8,4.8,4.7
10755257,4.1,4.8,4.8,4.6,3.8,3.8
1203269,4.7,4.8,4.8,4.8,4.8,4.8
1200356,4.8,4.8,4.8,4.8,4.8,4.8
10784820,4.4,4.7,4.5,4.6,4.4,4.6
10308810,3.8,4.8,4.7,4.6,3.8,3.8
10640916,4.3,4.8,4.8,3.8,3.6,4.8
10788442,3.7,4.1,3.6,3.4,3.8,3.1
10788423,4.6,4.6,4.6,3.6,4.6,4.6
10174217,3.6,4.8,3.7,3.6,3.6,3.7
1200838,4.7,3.8,4.8,4.8,4.8,4.8
10210176,4.3,3.8,3.8,3.8,3.8,3.8
1203627,4.1,4.8,3.7,4.6,3.8,4.3
1201361,4.1,4.6,4.6,3.6,4.6,4.6
10779675,4.3,4.8,4.8,3.8,4.8,3.8
10994885,4.1,4.8,4.2,3.6,4.6,4.8
1203026,4.4,4.8,4.1,4.6,4.4,4.6
10690766,3.6,4.8,4.6,4.8,4.8,4.8
10171259,4.6,4.7,4.7,3.6,4.6,4.6
1290359,4,4.6,4.4,4.4,4.4,4.6
10358772,4.5,4,4.5,4.4,4.4,4.6
10673466,4.2,4.8,4.7,3.6,4.6,4.8
10453093,3.6,3.6,3.5,3.6,3.6,4.1
1203686,4.6,4.6,4.6,4.4,4.6,4.6
10789988,4.8,4.8,4.7,4.6,4.8,4.7
10788434,4.6,4.7,4.7,4.6,4.6,4.8
10703449,4.6,4.6,4.6,4.6,4.6,4.6
10796276,4.5,2.9,4.1,3.4,3.6,3.6
1201187,4.1,4.2,4.1,3.6,3.8,3.8
10859634,3.6,4.2,4.7,3.6,3.8,4.3
1200653,4.6,4.8,4.8,4.6,4.6,4.3
10402776,2.5,2.6,2.6,3.6,3.6,2.6
10899133,4.6,4.7,4.6,4.6,4.6,4.2
10672754,4.1,4.6,4.1,3.8,4.4,3.6
10573183,4.6,4.8,4.8,4.6,4.8,4.6
10961003,4,4.6,4,3.6,4.6,3.6
10864571,2.6,3.8,3.7,2.8,4.8,3.8
10257402,4.6,4.6,4.6,4.6,4.6,4.5
11057739,2.7,3.6,3.8,3.8,3.8,3.7
76902,3.1,3.8,3.8,3.6,3.8,3.8
10790990,4.8,4.6,4.8,4.8,4.8,4.8
10880069,3.8,4.8,4.8,4.8,3.8,3.8
10246186,3.6,4.7,4.6,4.8,4.6,4.6
1204109,3.6,3.8,3.8,3.8,3.8,3.8
11004891,4.1,4.8,4.8,3.8,4.8,4.8
10998676,4.6,4.6,4.8,4.8,4.8,4.7
11052266,3.8,4.8,3.8,4.8,4.8,4.8
10783071,4.7,4.6,4.6,4.4,4.6,4.6
10780589,4,4.6,3.5,4.6,4.6,4.6
11052475,3.9,4.6,4.1,3.6,3.6,3.9
10790986,4.6,4.8,4.6,4.8,4.6,4.6
10050063,3.6,4.6,4.6,4.6,4.6,4.1
10977939,4.5,4.8,4.6,4.6,4.6,4.6
10894759,4.1,4.8,4.3,4.8,4.6,3.6
10491677,4.8,4.8,4.8,3.8,4.6,4.8
10174019,4.8,4.8,4.8,4.6,4.6,4.6
10229236,4.6,4.7,4.8,4.6,4.6,4.7
10917765,3.6,4.2,4.3,3.8,4.6,3.6
10399752,4.6,4.7,4.6,3.6,4.6,4.6
10425675,4.6,4.5,3.6,4.6,4.6,4.6
10467232,4.6,4.6,4.6,4.6,4.6,4.6
1201209,4.6,4.6,4.6,4.6,4.6,4.6
10218371,3.6,4.7,4.3,3.6,3.8,3.6
10037860,4.4,4,4.5,4.6,4.4,4.4
11042277,3.7,4.7,4.7,4.4,4.6,4.8
10800318,4.5,4.6,4.6,4.4,4.6,4.1
1203248,4.7,4.8,4.7,4.8,4.8,4.8
11021927,4.4,4.5,4.4,4.4,4.6,4.8
10783024,3.6,4.7,4.6,3.4,4.6,3.8
10847663,4.3,4.4,4.2,4.2,3.4,3.4
10788592,4.6,4.8,4.6,4.6,4.6,4.8
10790910,4.4,4.4,4.4,4.4,4.8,4.6
10789223,2.8,4.5,3.4,4.4,4.4,4.1
11033644,3.2,3.2,2.2,2.2,3.6,3.8
11017939,4.3,4.4,4.2,4.2,4.4,4.4
10565473,4.2,4.6,4.6,3.4,4.6,4.8
10411627,4.2,3.9,4.3,3.2,4.6,4.5
11014970,3.8,4.2,4.4,3.4,4.4,4.6
11033987,2.5,3.8,3.1,3.6,3.6,3.3
10779672,4.5,4.6,4.6,4.6,4.6,4.6
1200621,4.7,4.8,4.3,4.6,4.8,4.7
11004889,3.9,4.7,4.4,3.4,4.4,4.6
10947425,4.6,4.6,4.6,4.6,4.6,4.7
11056715,4.6,4.1,4.6,3.6,3.6,3.6
10496027,4.6,4.7,4.6,4.6,4.6,4.6
10921708,3.6,4.7,4.6,4.6,4.8,4.8
10653824,4.6,4.8,4.4,4.6,4.6,4.6
10800342,3.6,4.8,4.8,4.8,4.8,4.8
10700620,4.8,4.8,4.8,4.8,4.8,4.8
1206936,3.1,4.8,3.8,3.8,3.8,3.8
11014966,3.1,3.4,3.5,3.6,3.6,4.6
10765303,4.7,4.7,4.8,4.8,4.8,4.8
10451189,3.4,3.6,3.6,3.6,4.6,3.6
10425686,4.6,4.1,4.6,4.8,3.8,4.4
10982364,3.1,4.6,4.8,4.4,4.6,4.6
1201819,4.3,4.3,4.2,4.2,4.2,4.2
11014968,4.8,4.8,4.8,4.8,4.8,4.7
10028821,4.2,4.8,4.8,3.8,4.8,4.8
10102370,4.8,4.3,3.8,4.8,4.8,4.8
10482044,4.3,4.6,3.8,3.6,4.6,4.8
10425562,3.3,3.6,3.7,3.8,3.8,3.8
10443807,4.6,4.1,4.1,3.6,4.6,4.6
11048723,3.7,3.7,3.6,2.4,3.8,4.2
10861845,4.6,4.7,4.6,4.6,4.6,4.6
10563366,4.7,4.6,4.8,4.6,4.6,4.7
1201631,4.7,4.8,4.7,4.8,4.8,4.2
10396585,4.6,4.8,4.7,4.6,4.6,4.7
10496841,4.2,4.6,4.6,4.6,4.6,3.6
10482228,4.2,4.8,4.8,3.6,4.6,3.6
10049949,4.6,4.7,4.7,4.8,3.8,4.7
1201931,4.7,4.1,3.6,4.6,3.6,4.2
1200620,4.6,4.7,4.6,4.6,4.4,4.7
10056024,3.7,4.6,3.6,2.6,4.8,4.6
1202701,4.2,4.1,4.6,3.6,4.6,4.6
10463502,4.6,4.8,4.7,4.8,4.8,4.6
10386037,3.4,3.4,2.9,2.4,3.4,2.4
10590221,4.7,4.8,4.8,4.8,4.8,4.8
10490149,4.6,4.6,4.6,3.6,4.6,4.6
10561231,4.7,4.7,3.6,4.4,4.8,4.8
10029367,4.6,4.8,3.6,4.6,4.6,4.6
10840750,4.6,4.6,4.6,4.6,3.8,4.6
10184553,4.6,4.7,4.8,4.6,4.6,4.6
10117212,4.1,4.8,4.7,4.6,4.6,4.7
1202810,3.6,4.7,3.7,3.6,3.6,4.2
10466137,4.3,2.8,3.8,2.8,4.8,3.8
10650941,4.6,4.8,4.6,4.6,4.6,4.6
1201125,4.7,4.8,4.7,4.6,4.8,4.6
10815440,4.3,4.7,4.6,4.6,4.8,4.6
10788575,4.4,4.8,4.2,4.2,4.6,4.6
1201869,4.6,4.7,4.6,4.6,4.6,4.6
10049954,4.8,4.6,4.7,4.6,4.6,4.6
11052160,4.8,4.6,3.7,3.8,4.8,4.7
10736985,4.6,4.8,4.6,4.6,4.6,4.5
1290263,3.4,4.4,4.4,4.4,4.2,4.3
10016020,4.6,3.8,3.7,3.8,3.8,3.8
1200922,4,4.7,4.7,4.6,4.6,4.6
10092555,4.1,4.6,4.4,4.6,4.4,4.6
10015226,4.7,4.8,4.8,4.8,4.8,4.8
10673497,3.6,4.3,3.6,3.6,4.6,3.1
10408324,4.7,4.6,4.6,3.6,4.4,4.6
1290251,3.2,4.6,4.6,4.6,2.8,4.6
10068122,4.8,4.8,4.3,3.6,3.8,3.8
10596690,4.6,4.7,4.7,4.6,4.8,4.8
10460396,4.6,4.8,4.6,4.6,4.8,4.8
11032875,3.6,4.6,4.6,4.4,4.6,4.6
11001783,4.7,4.7,4.6,4.2,4.6,4.7
10902509,4.6,4.8,4.8,4.6,4.8,4.6
10568445,3.6,4.8,3.9,3.6,4.6,4.6
1202661,4.2,4.8,4.8,3.6,4.8,3.8
1201272,4.1,4.6,3.6,4.6,4.6,3.6
10612515,4.1,4.6,4.6,4.4,4.6,3.6
1203749,4.7,3.7,3.6,3.6,4.6,3.6
10994928,4.1,4.6,4.6,3.6,4.6,4.6
10250133,4.6,3.7,3.6,3.6,4.8,4.2
10536835,3.7,4.6,3.8,3.8,4.6,4.8
10571775,4.8,3.7,4.3,2.6,3.8,3.7
10466618,4.8,4.8,4.8,4.8,4.8,4.8
10432159,4.8,4.8,3.8,4.8,4.8,4.8
10394316,4.7,4.1,4.7,4.8,4.8,4.8
10408386,4.5,4.6,4.6,4.6,4.6,4.7
10189622,4.6,4.7,4.8,4.6,4.6,3.8
10605600,4.2,3.8,3.8,3.8,3.8,4.7
10788473,4.2,4.8,4.8,3.6,3.8,4.3
10429849,3.7,4.8,4.3,2.6,3.8,3.8
10859115,4.6,4.6,4.6,4.4,4.6,4.6
10740424,4.6,4.6,3.6,3.6,4.6,4
1290258,3.1,4.6,4.4,4.6,4.6,4.5
10189622,4.6,4.6,4.6,4.6,4.8,4.7
10345600,4.5,4.8,4.6,4.4,4.6,4.6
10049955,4.1,4.6,4.4,4.6,4.8,4.4
10204949,3.9,3.6,3.9,3.4,4.6,4.2
10278476,3.6,4.6,3.4,3.4,4.6,3.6
10221361,3.4,4.4,3.4,3.4,3.6,3.6
10791056,3.9,3.6,3.6,2.4,3.6,3.6
10999307,3.6,4.5,3.6,3.4,4.6,3.6
11030746,3.6,4.1,3.4,4.6,3.6,4.6
11042157,3.6,4.1,3.6,3.6,3.6,4.1
10596254,4.8,4.3,4.8,4.8,4.6,4.8
10686823,4.1,4.6,4.6,3.6,4.6,4.8
10368814,4.1,4.8,4.8,4.6,4.8,4.8
10736630,3.6,4.6,4.7,4.6,3.6,4.6
10399282,4.7,4.3,4.8,4.8,4.8,4.8
10131083,4.2,4.4,4.4,4.4,4.4,4.5
10888539,3.7,3.7,3.2,4.2,4.2,4.4
10499849,4.1,4.8,4.1,4.6,4.6,4.7
10650938,4,4.6,4.6,4.6,4.6,4.7
11017946,4.4,4.5,4.6,4.4,4.4,4.5
1202431,4.8,4.8,4.8,4.8,4.8,4.8
10150695,4.6,4.6,4.6,4.6,3.6,4.6
1210585,3.6,3.6,4.6,3.6,4.6,3.6
1290214,4.6,4.2,4.1,3.6,3.6,4.6
10964875,3.6,4.8,3.7,3.6,3.8,3.7
10438498,4.2,4.8,3.6,3.6,4.6,4.6
10693998,4.7,4.2,4.6,3.4,4.6,4.8
1290218,4.6,4.6,3.5,4.4,4.6,3.5
10072047,4.6,4.7,4.6,4.6,4.6,4.6
10246174,4.6,4.6,4.6,4.6,4.8,4.6
10159059,4.7,4.6,4.6,4.6,4.8,4.6
10325202,4.7,4.7,4.6,4.6,4.6,4.7
11021442,4.6,4.8,4.8,4.8,4.8,4.8
10877038,4.3,4.8,4.8,4.6,4.8,4.8
10788585,3.4,4.5,4.4,4.4,4.4,4.4
10776377,4.6,4.8,4.6,4.6,4.8,4.6
10449566,4.6,4.2,4.6,4.8,3.6,4.8
10960572,4.6,4.8,4.6,4.6,4.6,4.8
10830749,4.6,4.8,4.6,4.8,4.6,4.7
10595747,3.8,4.8,3.8,3.8,4.6,4.3
1200345,4.7,4.7,4.6,4.6,4.6,4.8
10011739,4.8,4.8,4.8,4.8,4.8,4.8
10765250,4.8,4.3,4.8,4.6,4.8,4.7
10460393,4.1,4.8,4.8,4.6,3.8,4.6
10376801,4.6,4.4,4.4,3.4,4.4,4.5
10460343,3.7,4.7,4.7,3.8,3.8,3.7
10327623,3.5,4.6,3.4,3.4,4.4,4.8
10686908,1.8,1.8,1.8,2.8,1.8,1.8
10686908,4.8,4.8,4.8,4.6,3.8,4.8
10810391,1.8,4.8,4.8,4.6,4.6,4.3
1210032,3.8,4.8,4.8,4.8,3.8,4.8
10837455,4.8,4.8,4.8,3.8,4.6,4.3
10250666,4.2,4.8,4.8,3.8,4.8,4.3
1204112,4.8,4.3,3.8,4.8,3.8,4.8
10789239,4.1,4.8,4.3,4.8,4.8,4.8
10740409,4.7,4.8,4.8,4.8,4.8,4.8
10490248,3.8,4.8,3.8,4.6,4.6,4.8
10272219,4.6,4.8,4.8,4.8,4.8,4.8
10381846,4.2,4.8,4.3,3.8,4.6,4.8
10015397,3.8,3.8,4.3,4.8,3.8,3.8
10066512,4.7,4.8,4.8,4.6,4.6,4.7
10015130,3.8,4.8,4.8,4.8,4.8,4.8
10202933,3.7,3.3,2.7,2.8,2.6,3.8
10019041,3.6,4.3,4.6,3.6,4.6,4.5
10265358,4.6,4.8,4.8,3.8,4.6,4.8
1210077,4.6,4.6,4.6,4.4,4.8,4.6
10658527,4.5,4.7,4.7,3.8,4.8,4.8
1204124,4.3,3.7,3.6,3.6,3.8,3.6
1200769,3.9,4.1,3.9,3.2,3.8,3.8
10690811,4.7,4.2,3.7,4.8,4.8,4.7
10423228,4.8,4.8,4.8,4.8,4.8,4.8
10205513,3.6,4.8,3.7,4.8,3.8,3.7
10716547,4.1,4.6,4.7,4.6,4.6,4.8
1204879,3.6,4.8,4.8,4.8,3.8,3.8
10016322,4.5,4.6,4.6,3.6,3.6,4.1
10605604,4.8,4.8,4.8,4.6,4.8,4.8
1201406,4.3,4.8,4.1,4.6,4.8,3.8
10014611,4.6,4.5,4.6,4.4,4.4,4.5
11020971,3.8,4.8,3.7,3.8,3.8,3.6
10312189,3.8,3.6,3.6,3.6,3.8,3.6
1204311,3.2,3.2,4.2,4.2,3.2,4.2
10128725,3.5,4.6,4.6,4.4,4.6,3.9
1204869,3.4,3.6,2.9,3.4,2.4,3.4
1202040,4.6,4.8,4.7,4.8,4.6,4.6
10114610,4.2,4.4,3.9,4.4,3.4,4.2
10465276,3.4,2.6,3.4,2.6,3.4,3.6
10794996,4.1,3.6,3.8,4.8,4.6,4.1
11020009,2.4,4.4,3.9,4.4,3.4,3.6
1200585,4.6,4.6,4.6,4.6,4.6,4.6
10558837,4.8,4.6,4.6,4.6,4.8,4.6
10182486,3.6,4.8,3.8,3.6,4.6,4.8
10973758,3.6,4.7,4.6,4.6,4.6,4.6
10492687,4.6,4.8,4.6,4.6,3.8,4.8
10765315,3.5,4.6,4.6,3.6,3.6,4.6
10520112,3.8,3.8,3.8,3.8,3.6,3.6
10785168,4.8,4.6,4.6,4.6,4.6,4.7
1290212,4.6,4.2,4.2,4.6,3.6,4.7
10952440,3.9,4.1,3.6,3.4,3.6,3.6
11034111,4.1,4.1,4.1,3.6,4.8,4.1
1203866,4.8,4.6,4.8,4.6,4.8,4.8
10789239,4.4,4.6,4.5,4.4,3.6,4.5
10847723,4.7,4.7,4.6,4.8,4.6,4.6
10856136,4.7,4.6,4.8,4.6,4.8,4.6
10826823,3.7,4.7,4.6,3.6,3.6,3.6
10241173,3.4,4.6,3.6,3.6,3.4,3.6
1290252,4.5,4.6,4.4,4.6,4.6,4.6
10772623,4.5,4.7,4.6,4.6,4.6,4.6
10968928,4.6,4.8,4.6,4.6,4.6,4.6
10382548,4.7,4.7,4.6,4.6,4.6,4.7
1290246,4.6,4.7,4.6,4.6,4.6,4.6
10985532,4.7,4.7,4.6,3.6,4.6,4.7
10880008,4.6,4.7,4.6,4.6,4.6,4.8
1201079,4.8,4.3,4.8,4.8,4.8,4.8
10727139,4.6,4.6,4.6,4.6,4.6,4.6
1201280,2.6,3.2,3.6,3.6,4.6,4.2
10819529,4.6,4.6,4.6,4.6,4.6,4.6
1201874,4.6,4.7,4.1,4.6,4.6,4.6
10442526,3.6,4.6,4.6,3.6,3.8,4.1
10822505,2.6,4.7,4.6,3.8,2.8,4.6
11004890,4.8,4.8,4.8,4.8,4.8,4.8
1203789,3.8,3.8,3.8,2.8,3.8,3.8
10016373,4.3,4.1,3.8,3.8,3.8,4.3
1201376,4.8,4.8,4.8,4.8,4.8,4.8
1200623,4.3,4.8,4.8,3.6,4.6,4.8
10973763,4.1,4.1,3.6,4.6,4.6,4.6
10788444,3.8,4.8,4.8,3.8,4.8,4.8
10460356,4.8,3.8,4.8,3.6,3.8,4.3
10011750,3.8,4.8,4.8,4.8,3.8,4.8
10202623,4.8,4.8,4.7,4.8,4.8,4.8
1290231,4.8,4.7,4.8,4.8,4.8,4.8
10174474,4.7,4.6,4.8,4.6,4.8,4.8
10200402,4.7,4.1,3.6,4.6,4.6,3.6
10747522,4.6,4.6,4.6,4.6,4.6,4.6
10758448,4.3,4.8,4.8,4.8,4.6,4.6
10816493,3.6,4.8,4.8,4.6,4.6,4.7
1204264,4.7,4.8,4.8,3.8,4.8,4.3
10856681,4.2,4.6,4.2,3.6,4.6,4.7
1201765,4.7,4.7,4.6,4.6,4.8,4.6
10880037,3.8,4.6,4.2,4.6,4.8,4.7
1200276,4.1,4.6,4.6,4.6,4.6,4.6
1204231,4.6,4.8,4.6,4.6,4.6,4.6
184447,4.7,4.8,4.8,4.8,4.6,4.7
1206930,3.7,3.8,4.2,3.6,3.8,3.8
1202062,4.1,4.6,4.3,3.6,3.6,3.7
10246070,4.6,4.8,4.8,4.8,4.6,4.7
10442420,4.3,4.8,4.3,3.8,4.8,4.3
10282331,4.6,4.6,4.6,4.6,4.6,4.8
10838904,4.6,4.6,4.1,4.6,4.6,4.7
138190,4.8,4.8,4.8,4.8,4.8,4.8
10729839,4.5,4.8,4.6,4.6,4.8,4.8
10817109,4.5,4.6,4.6,4.6,4.6,4.6
10568531,4.4,4.7,4.2,4.6,4.6,4.8
10596562,4.4,4.1,4.5,3.4,3.4,4
10405731,4.8,4.8,4.8,4.8,4.8,4.8
10765314,4.8,4.8,4.8,4.6,4.8,4.8
1200401,4,4.1,4.6,4.6,4.6,4.6
10400088,4.8,4.8,4.8,4.8,3.8,4.8
10015286,4.6,4.6,4.6,4.6,4.6,4.6
10994893,3.9,3.8,4.6,3.6,3.6,4.6
10813247,4.8,4.8,4.8,4.8,4.6,4.8
10883214,4.5,4.8,4.6,3.6,4.6,4.6
10302668,3.8,4.8,4.3,4.8,3.8,3.8
10812858,3.6,4.8,3.8,3.6,3.6,3.8
10592891,3.4,4.5,4.4,3.4,3.4,3.4
10609521,3.4,3.5,3.4,3.4,4.4,3.5
10296206,4.7,4.8,4.1,3.8,4.6,3.8
10621383,4.5,4.6,4.6,4.6,4.4,4.6
10222432,3.6,3.6,3.6,3.6,3.6,3.6
10568445,4.7,4.6,4.6,4.4,4.6,4.6
10813262,4.8,4.8,4.8,4.8,4.8,4.8
10482196,3.8,4.3,3.8,3.8,3.8,3.8
10985830,4.2,4.7,4.3,4.6,4.8,3.8
1201861,3.8,4.8,4.7,3.6,4.8,4.8
1290294,4.2,4.8,4.8,4.8,4.8,4.8
10015132,3.7,4.8,3.8,3.8,4.8,4.6
10730981,3.8,4.8,4.8,4.8,3.8,4.3
10835226,4.6,4.6,4.2,3.6,4.8,4.7
10210176,3,3.8,3.8,3.8,3.8,4.8
11030545,3.8,4.3,3.8,3.8,3.8,4.8
1210449,4.8,4.3,3.8,4.8,4.8,4.8
1202727,4.1,4.8,4.6,4.8,3.8,4.8
10961780,4.8,4.7,2.7,1.8,4.8,4.6
1205790,4.3,4.8,4.3,4.8,3.8,4.3
1204006,3.6,3.6,3.6,3.6,3.4,4.1
10158066,3.8,4.3,3.8,3.8,3.8,4.7
10666890,3.6,3.8,3.8,3.6,3.8,3.3
10803462,4.1,3.3,2.8,4.8,3.8,4.6
10298996,3.8,4.6,3.8,3.8,4.8,2.8
10015128,4.6,4.7,4.6,3.6,3.6,3.7
10139168,4.6,4.8,4.8,4.6,4.8,4.3
1201571,4.1,4.1,3.7,3.6,4.6,4.8
1203481,4.8,4.8,4.8,4.8,4.8,4.8
184967,4.6,4.6,4.7,4.6,3.6,4.8
1290004,4.6,4.6,4.6,4.6,4.6,4.7
10168512,4.6,4.6,4.6,4.6,4.6,4.1
10236214,4.6,3.8,4.6,3.8,3.6,3.8
10456729,3.4,3.6,3.6,3.6,3.6,4.6
10948025,4.8,4.8,4.8,4.8,4.8,4.8
10902607,4.6,4.6,4.6,4.6,4.6,4.6
10810408,4.1,4.8,4.6,3.8,4.8,4.3
11060205,3.6,4.8,4.8,4.6,3.6,4.3
10910337,3.6,4.6,4.6,4.6,2.6,4.1
10396476,4.3,4.8,4.8,4.8,4.8,4.8
10350060,4.8,4.3,4.3,4.8,4.8,4.8
10769286,3.4,4.1,3.6,3.4,3.6,3.5
10627651,4.1,4.8,4.7,4.6,4.6,4.6
10179296,4.3,3.8,4.6,4.6,4.8,4.8
10723988,3.9,4.6,4.4,3.6,4.6,4.1
10011760,4.6,4.6,4.6,4.6,4.6,4.6
10880036,3.7,4.8,4.6,4.6,4.8,4.1
11033360,4.1,4.6,4.1,4.6,3.6,3.6
10133130,3.6,4.7,3.6,3.8,3.6,3.6
11016415,4.7,4.8,4.7,4.8,3.8,4.6
10789186,4.5,4.5,4.5,4.6,4.6,4.6
10856706,4.2,4.8,4.1,4.8,4.8,4.3
11011971,4.8,4.8,4.3,3.8,4.8,4.7
11021917,3.8,4.8,4.3,3.6,4.8,4.8
10655837,4.3,4.8,3.8,3.8,3.8,3.8
10507904,4.8,4.8,4.8,4.8,4.8,4.8
11052174,3.8,4.8,4.3,4.8,4.8,4.8
10194484,3.8,3.8,4.3,3.8,3.8,3.8
1206601,4.8,4.3,4.8,4.8,4.8,4.8
10111602,4.1,4.2,3.8,4.8,4.8,3.6
1201224,3.8,3.8,3.8,3.8,3.8,4.3
10788446,4.8,4.8,4.8,4.8,4.8,4.8
10720040,4.6,4.8,4.6,4.6,4.8,4.8
1203528,3.7,4.8,4.3,3.8,4.8,4.8
10460281,4.8,4.8,4.8,4.8,4.8,4.8
10400119,3.6,4.7,4.8,4.6,3.8,4.8
11029799,4.6,3.8,3.6,3.6,3.8,3.3
10420170,4.8,4.8,4.8,4.8,4.8,4.8
10788447,3.8,3.8,3.8,3.8,3.8,4.3
10469771,3.8,3.8,3.8,3.6,3.8,3.8
10979218,3.8,4.8,4.6,3.4,4.6,4.6
10730754,2.9,3.5,3.4,3.6,2.6,3.6
10829463,3.3,3.3,3.8,3.8,3.8,4.3
10536836,4.1,4.5,4.6,4.6,4.8,4.6
10941439,4.8,4.7,4.7,4.6,4.8,4.7
10877520,4.1,4.6,3.6,3.6,3.6,4.1
10758450,4.8,4.8,4.8,4.8,4.8,4.8
10015397,4.3,3.8,3.8,3.8,3.8,3.8
1204280,4.8,4.8,4.8,4.6,3.8,4.8
10496997,4.3,4.6,4.8,4.8,4.8,4.7
1206922,4.3,4.3,3.8,3.8,4.6,3.8
1290210,4.1,4.8,4.7,4.8,4.6,4.3
10496287,4.5,4.6,4.6,4.6,4.6,4.6
10259375,4.1,4.6,4.6,3.6,4.6,4.6
10829861,4.3,4.8,4.8,4.8,4.6,4.8
10796674,4.6,4.8,3.8,3.8,4.8,4.8
10938052,4.6,4.8,3.7,4.2,4.8,3.8
1203057,4.7,3.8,4.8,3.8,4.6,4.2
1204873,4.8,4.8,4.8,4.8,4.8,4.8
43268,4.8,4.8,4.8,4.8,4.8,4.8
10517553,4.6,4.8,4.8,4.6,3.8,4.8
10788457,4.6,4.3,3.8,3.6,3.6,4.3
10990101,4.8,4.8,4.8,4.6,4.8,4.8
10789242,4.8,4.8,4.7,4.8,4.6,4.8
10789190,4.8,4.8,4.8,4.8,4.8,4.8
10618216,3.8,4.3,3.7,3.6,3.8,3.7
10772495,4.6,4.6,4.6,4.6,4.8,4.8
10085618,4.8,4.8,4.8,4.8,4.8,4.8
10850971,3.7,4.8,4.6,4.6,4.6,4.8
1203741,4.1,4.8,4.8,4.8,4.8,4.8
10835215,2.6,4.6,4.5,4.6,4.6,4.6
11035534,4,4.6,4.6,4.6,4.4,4.1
10095020,4.4,4.1,4.4,4.2,4.4,4.6
10063327,4.3,3.8,4.3,3.8,3.8,4.8
10476557,3.6,4.8,4.6,4.6,3.6,4.6
1204112,4.7,4.8,4.8,4.8,4.8,3.8
10977952,4.7,4.6,4.8,4.6,4.6,4.6
10882891,4.8,4.8,4.8,4.8,4.8,4.8
10964864,4.6,4.6,4.5,3.6,4.6,3.6
10485583,4.4,4.6,3.6,4.6,4.6,3.6
1203159,4.7,4.8,4.8,4.8,4.8,4.8
10252992,4.6,4.8,4.7,4.8,4.8,4.8
10995051,4.6,4.6,4.8,4.6,4.8,4.6
10586568,4.1,4.8,3.6,3.6,2.6,3.6
10449518,4.8,4.8,4.8,4.8,4.8,4.8
10484780,4.8,4.7,4.8,4.8,4.8,4.8
1204229,4.4,3.6,3.9,3.4,3.4,3.4
1203485,4,4.8,4.1,3.6,3.6,4.1
10460365,4.8,3.8,4.1,3.8,3.6,4.8
10334291,4.5,4.6,4.5,4.6,4.6,4.5
10612523,4.6,4.6,4.6,4.6,4.6,4.6
10461083,4.1,3.8,3.8,2.6,4.8,4.8
10496878,3.9,4.4,3.4,4.4,4.4,4.4
10037976,4.6,4.6,4.6,4.6,4.6,4.6
10390049,4.6,4.6,4.6,4.6,4.6,4.6
1201627,4.6,4.3,4.1,3.6,3.6,4.3
10360755,4.7,4.8,4.8,4.6,4.8,4.8
10899140,4.3,4.8,4.8,4.8,4.8,4.8
10098648,3.6,4.6,3.5,4.4,3.6,3.9
10435118,4.7,4.8,4.8,3.8,4.8,4.8
10726334,3.6,4.3,4.1,3.8,4.8,3.8
10765321,3.6,4.8,4.8,4.6,4.8,4.8
10899092,4.8,4.8,4.8,4.8,4.8,4.8
10979221,4.1,4.6,4.6,4.6,4.6,4.6
1202133,4.5,4.8,4.6,4.6,4.8,4.8
11004893,4.2,4.7,4.3,4.8,4.8,4.8
1204352,4.4,4.6,4.6,4.6,3.2,4.4
10183544,4.8,4.7,4.8,4.8,4.8,4.8
10200776,4.8,4.8,4.8,4.8,4.6,4.6
10262360,4.1,4.7,4.3,4.8,4.8,4.2
11049081,4.7,4.6,4.8,4.6,4.8,4.8
10584351,3.1,4.7,4.3,4.8,4.6,4.8
10255465,3.7,4.8,4.4,4.8,4.6,3.8
1201741,3.7,4.6,3.8,3.6,4.8,4.8
10374686,4.8,4.8,4.8,4.8,4.6,4.8
10928308,4.6,4.4,4.6,4.4,4.6,4.6
1201704,4.6,4.1,4.1,4.6,4.6,4.6
10617914,4.6,4.6,4.6,4.6,4.8,4.6
1201004,4.6,4.6,4.5,4.6,4.6,4.6
1200987,4.1,4.6,4.6,3.6,4.6,4.6
1202679,3.4,4.4,4.4,4.4,3.4,4
11030410,4.6,4.7,4.6,4.6,4.8,4.8
1202773,4.8,4.8,4.6,4.8,4.8,4.8
10618216,3.6,4.3,3.6,3.8,4.8,4.3
10910321,4.6,4.6,4.6,4.6,4.8,4.7
11020012,4.7,4.6,4.8,4.6,4.6,4.8
10686679,3.5,4.4,4.3,4.4,4.4,3.9
1201750,4.6,4.6,4.6,4.6,4.6,4.7
10389200,3.6,4.8,3.8,3.8,3.6,3.8
10669833,4.6,4.7,4.6,4.6,4.6,4.6
10672743,4.6,4.6,4.8,4.8,4.8,4.8
1203056,4.2,4.3,4.6,4.6,3.4,4.6
10265138,4.7,4.7,4.6,4.6,4.8,4.7
10476550,4.6,4.6,4.6,4.6,4.8,4.6
10021435,4.6,4.7,4.6,4.6,3.8,4.6
10179797,3.8,4.2,3.8,2.8,4.8,3.8
10364872,4.8,4.8,4.8,4.8,3.8,4.8
10596564,4.8,4.8,4.8,4.8,4.8,4.8
11031080,4.8,3.8,4.8,4.6,4.8,4.8
10755264,3.6,3.7,3.6,3.6,3.8,3.6
10990149,4.8,4.6,3.6,3.6,4.8,4.6
10015204,4.6,4.8,4.6,3.8,4.6,4.6
10555705,3.3,4.3,3.7,3.8,4.8,3.8
10892089,4.7,4.8,4.8,4.8,4.8,4.6
10460396,4.5,4.6,4.4,4.4,4.6,4.4
1201411,4.6,4.8,4.7,4.6,4.6,4.6
1206915,3.6,4.1,4.5,4.6,3.6,3.6
10425985,4.7,4.8,4.8,3.6,4.8,3.7
10910337,4.1,4.6,4.8,3.6,3.6,4.6
11014962,4.4,4.4,4.6,4.6,4.6,4.6
10789229,4.3,4.7,4.7,4.6,4.8,4.3
10883216,3.8,3.8,3.8,2.8,3.6,3.8
10102880,4.1,4.6,4.6,4.6,4.8,4.8
1203697,3.8,4.2,4.3,3.8,4.8,4.8
10788420,4.6,4.4,4.4,3.6,4.4,4.6
10670562,4.5,3.9,4.4,3.6,3.4,4.4
1200363,4.7,4.7,4.6,3.8,4.6,3.8
11045666,3.8,4.1,3.8,3.8,4.8,4.2
10835226,4.6,4.8,4.6,4.6,4.6,4.8
10200124,3.4,4.5,4.5,4.4,4.6,4
10608748,4.1,4.1,3.6,3.6,3.6,3.7
10894772,3.7,4.3,3.8,3.8,3.8,4.8
10309015,3.9,4.6,4.4,4.4,4.6,4.6
10033086,4.6,4.6,4.6,4.4,4.4,4.1
10255468,4.6,4.6,4.6,4.4,4.6,4.6
10125216,4.1,4.6,4.1,3.6,4.6,4.6
1206427,4.6,4.6,4.6,4.6,4.8,4.6
10257436,3.1,3.6,3.1,2.6,2.8,2.1
1202660,4.7,4.8,4.8,4.8,4.8,4.8
1205657,4.8,4.8,4.8,4.6,3.8,4.8
10355990,4.6,4.8,4.8,3.8,4.6,4.8
10309466,4.2,3.3,3.8,3.6,4.6,3.7
1290291,4.4,4.6,4.6,4.6,4.6,4.1
10672908,2.7,3.8,2.6,2.6,3.8,3.8
10553366,2.6,4.8,3.6,3.6,3.6,3.6
10894774,4.1,4.8,3.8,3.8,3.8,3.8
10414272,4.1,4.6,4.1,3.6,3.6,4.6
10590027,4.6,4.6,4.6,4.6,4.6,4.5
10994887,4.8,4.6,4.8,4.8,4.8,4.8
1200824,3.7,4.8,3.8,4.8,4.6,4.8
1206574,4.2,4.6,4.6,3.8,4.6,4.8
10956606,4.8,4.7,4.6,4.6,4.6,4.7
1200487,4.8,4.3,4.8,4.8,4.8,4.8
10176654,4.7,4.8,4.6,4.6,4.6,4.8
10045362,4.8,4.3,3.8,3.8,4.8,4.3
10612501,4.8,4.8,4.3,4.8,3.8,4.8
10576760,4.7,3.8,3.8,3.8,4.8,4.8
1204872,3.6,4.8,4.8,4.6,3.6,4.8
10982370,3.6,2.8,2.6,2.8,2.8,2.8
11001817,3.6,4.8,3.6,3.6,3.6,4.7
10162894,4.8,4.3,4.7,4.8,4.8,4.8
10132433,4.6,4.7,3.6,4.6,3.8,4.3
1204424,4.3,4.3,3.8,4.8,4.8,4.3
1204448,4.8,3.7,4.3,4.8,4.6,4.3
10686878,4.2,4.8,3.7,3.6,3.6,3.8
1290232,4.6,4.8,4.6,4.6,4.6,4.8
1203999,4.8,4.8,4.8,4.8,4.8,4.8
1206647,4.6,4.6,4.6,4.6,3.6,4.6
10414272,4.5,4.6,4.6,4.4,4.6,4.6
1201382,4.6,4.3,4.2,3.8,3.8,3.8
11028226,4.5,4.6,4.4,4.6,3.6,4.6
10816405,3.8,3.8,3.8,3.8,4.8,4.8
10747510,4.4,4.6,4.6,3.6,4.6,4.6
10469822,4.6,4.2,4.6,4.6,4.6,4.7
10866436,3.6,4.8,4.6,4.6,3.6,4.6
10506131,4.8,4.6,4.8,4.8,3.6,4.8
10788563,4.8,4.8,4.6,4.8,4.6,4.8
10257360,3.8,4.8,3.8,3.8,3.8,3.8
10913943,3.6,4.8,3.2,2.6,3.8,3.3
10708703,3.8,3.8,3.8,3.8,3.8,3.3
1201720,3.8,4.3,3.8,3.8,3.8,4.8
10414177,4.8,4.8,4.8,4.8,4.8,4.8
10947412,3.4,4.4,4.3,4.4,4.4,4.4
10339807,3.2,4.3,3.4,2.4,3.4,3.4
10708680,3.4,3.9,3.9,4.4,4.4,3.4
1203470,4.8,4.8,4.8,4.8,4.8,4.8
10929580,4.8,4.8,4.8,4.8,4.8,4.8
10969715,4.3,4.3,3.8,2.8,3.8,3.8
1202660,4.6,4.7,4.6,4.6,4.6,4.6
1202660,4.5,4.6,4.5,4.6,4.6,4.6
10128281,4.6,4.7,4.6,4.6,4.6,4.6
10211989,4.6,4.6,4.6,4.6,4.6,4.6
10972573,4,4.6,4.6,4.4,4.6,4.6
10814001,4.6,4.6,4.6,4.6,4.6,4.6
10018974,4.7,4.6,4.6,3.6,4.8,4.8
11004919,4.8,4.8,4.8,4.8,4.6,4.8
1206332,4.7,3.8,4.8,3.8,3.8,3.8
10449568,3.7,4.8,4.8,4.6,4.8,4.8
10205303,4.1,4.1,4.6,3.6,4.6,4.6
10104643,4.3,4.8,3.6,4.6,3.8,4.6
11011964,3.6,4.7,3.6,4.6,3.6,4.6
10801268,4.8,3.8,4.8,4.8,4.8,4.8
1201939,4.1,4.8,4.8,4.8,3.8,4.8
1202430,4.2,4.3,4.2,3.6,4.8,4.8
10036253,3.6,3.8,3.7,3.6,3.8,4.8
11060198,4.7,4.8,4.8,4.8,4.8,4.8
10361190,3.6,4.1,3.6,3.6,3.6,3.8
1201620,4.4,4.6,4.6,4.4,4.4,4.5
10183665,4.8,4.8,4.8,4.8,4.8,4.8
10739484,3.8,4.8,4.8,4.6,4.8,4.7
10333840,4.6,4.6,3.6,3.6,3.6,4.6
10229957,4.8,4.8,3.6,4.6,4.8,4.8
1201066,4.7,4.8,4.3,4.8,4.8,4.6
10926484,4.8,4.8,4.8,4.8,3.8,4.8
10776285,3.7,4.8,3.8,3.8,3.6,3.8
10715120,4.1,4.6,4.6,4.6,4.6,4.6
11008940,4.8,4.8,4.8,4.8,4.8,4.8
1201032,4.6,4.6,4.6,4.6,4.6,4.6
10334299,4.6,4.3,3.6,3.6,3.6,3.6
1203507,4.8,4.3,4.3,4.8,4.8,4.8
10465952,4.8,4.8,4.8,3.8,4.8,4.8
1204533,4.1,3.7,3.8,3.8,4.6,3.6
10051383,4.6,4.8,4.8,4.8,4.6,4.8
76789,3.8,4.4,3.5,4.4,3.2,4.6
10112492,4.6,4.8,4.8,4.6,4.8,4.8
1204276,4.3,3.8,4.8,3.8,3.8,3.8
10913925,3.9,4.6,4.5,3.6,3.6,4.1
10020853,4.8,3.8,4.8,4.8,4.8,4.8
1204016,4.3,3.8,3.8,3.6,3.8,4.1
1204224,4.8,3.6,4.8,4.8,4.8,4.8
10673459,4.6,4.6,4.8,4.6,4.6,4.6
10650915,4.3,4.8,4.3,4.8,4.6,4.8
10033907,4.8,4.8,4.8,4.6,4.8,4.8
10856708,4.6,4.6,3.4,4.6,4.6,3.7
10188658,4.8,4.8,4.8,4.6,4.8,4.6
10803462,4.1,4.8,3.8,4.6,4.6,4.6
10998646,3.8,4.8,3.8,3.8,4.8,3.8
1210154,4.6,4.3,4.8,4.8,4.8,4.8
10212340,4.1,4.6,3.6,4.6,4.6,4.5
10452528,4.1,4.6,4.1,3.6,3.6,4.6
10761860,4.6,4.6,4.6,4.6,4.6,4.6
10803463,4.3,4.8,3.3,4.8,4.8,3.8
10281117,4.8,4.3,4.8,4.8,4.8,4.3
10272745,4.7,4.6,4.6,4.6,3.6,4.1
10165224,3.8,3.8,3.8,3.8,3.8,3.8
11060197,4.8,4.3,3.8,3.8,2.8,3.8
1204510,4.6,4.8,4.8,4.6,4.8,4.8
10921710,3.8,4.4,3.6,3.6,4.6,4.2
10620682,4.1,4.8,4.6,3.8,3.6,3.8
1203997,4.6,4.6,4.6,4.6,4.8,4.6
10619022,4.6,4.8,4.6,4.6,4.8,4.8
1204018,4.8,4.8,4.8,4.8,3.8,4.8
10117677,4.1,3.8,3.8,3.6,4.8,4.8
10216326,4.6,4.8,4.6,4.6,4.8,4.8
10238820,4.8,3.8,3.8,3.6,3.8,4.3
1204131,4.6,4.6,4.6,4.6,4.8,4.6
1206647,4.1,4.6,4.6,4.6,4.6,4.6
10112492,4.1,4.6,4.6,4.6,4.6,4.4
1205657,4.6,4.8,4.6,4.8,4.8,4.8
11020318,4.1,4.4,4.6,4.6,4.4,4.6
10379305,4.8,4.8,4.8,4.8,4.6,4.8
10382723,4.8,4.8,4.7,4.8,4.8,4.8
10336645,2.3,4.8,4.8,4.6,4.6,4.8
10788425,4.6,4.8,4.8,4.8,4.6,4.8
10015265,4.8,4.8,4.8,4.8,4.8,4.8
10291344,4.4,4.6,4.6,4.6,4.4,4.5
10347267,3.9,4.6,4.6,4.6,4.6,4.5
10906530,4.5,4.7,4.7,4.8,4.6,4.6
10512526,4.6,4.6,4.1,4.6,4.6,4.6
10983111,4.8,4.8,4.8,4.8,4.8,4.8
10645106,3.8,4.8,3.8,4.8,3.8,4.3
11047175,3.6,3.6,3.6,2.6,3.6,3.6
10791067,3.4,4.4,4.5,4.4,4.4,4.6
10209047,3.6,3.6,3.6,3.6,3.6,4.6
1202073,4.5,4.6,4.6,3.6,4.6,4.1
10572117,4.6,4.6,4.6,4.6,4.6,4.6
10400089,3.3,4.7,3.6,1.6,3.6,3.6
10101603,4.6,4.8,4.6,4.6,4.8,4.7
10287262,4.6,4.6,4.6,4.6,4.6,4.6
10712175,4.1,4.6,3.6,4.6,4.6,4.8
10569792,4.7,4.8,4.8,4.8,4.8,4.8
11045320,3.8,4.8,4.3,3.8,3.8,4.1
10781525,4.6,4.6,4.6,4.6,4.6,4.8
10230050,4.3,4.8,4.8,4.8,4.8,4.8
10363718,3.6,3.8,3.7,3.8,3.8,3.8
10587574,4.8,4.7,4.7,3.8,4.8,4.8
10050162,4.8,4.8,4.8,4.8,4.8,4.8
10815440,4.7,4.8,4.8,3.8,4.8,4.8
11018726,4.6,4.7,4.4,4.6,4.8,4.8
10901551,4.4,4,3.9,4.6,4.4,4.5
11020971,3.6,4.7,4.8,3.8,4.8,3.8
10961003,4.8,4.8,4.3,4.8,4.8,4.3
10236579,4,4.4,3.9,3.4,3.4,4.6
10720040,4.6,4.6,4.7,4.6,4.6,4.6
10803462,3.6,4.6,3.6,4.6,2.6,3.6
10998646,3.4,3.6,2.4,3.6,4.6,3.6
10499999,3.9,4.4,4.4,4.4,4.4,4.5
10196995,4.6,4.7,4.7,4.6,4.6,3.8
1202380,4.3,4.3,4.8,3.8,3.8,3.8
10185328,4.7,4.6,4.3,3.6,4.6,4.3
1204039,4.8,4.6,4.6,4.6,4.8,4.6
10800321,4.6,4.6,3.6,4.8,3.6,4.3
10449737,4.8,4.3,4.8,4.8,4.8,4.8
1204049,3.8,3.3,3.3,2.8,3.8,3.3
32167020,3.8,3.8,3.8,3.8,3.8,3.8
10507904,4.8,4.8,4.8,4.8,4.8,4.8
1290202,4.8,4.8,4.8,4.8,4.8,4.8
10355463,3.6,3.7,3.6,3.6,3.6,3.6
10262360,4.8,4.1,4.6,4.6,4.6,4.1
10589138,4.6,4.6,4.4,4.6,4.6,3.6
10015204,3.4,4.6,4.4,4.4,4.4,4.5
10979219,4,4.6,4.4,4.4,4.6,4.4
10415959,4.6,4.6,4.5,4.6,4.6,4.6
10618216,4.1,4.5,3.9,3.6,3.4,4.1
10883216,3.6,4.6,3.5,3.6,3.6,3.6
1202385,4.8,4.5,4.8,4.6,4.8,4.7
81534,3.6,4.6,4.1,4.6,4.6,4.6
10850966,4.6,4.6,4.6,4.6,4.8,4.7
10128725,4.1,4.1,4.6,4.6,3.6,4.6
10014511,4.6,4.6,4.6,4.6,4.6,4.6
10263846,4.1,4.8,4.8,3.6,4.8,3.8
10486369,4.6,4.6,4.6,4.6,4.6,3.6
1201568,3.4,4.4,4.4,4.4,4.6,4.1
10596526,4.1,4.6,4.6,4.6,4.6,3.6
11049580,4.6,4.6,4.6,4.6,4.6,4.6
10119825,3.4,4.1,4.4,3.4,2.6,3.6
10026394,4.4,4.4,3.9,4.4,4.4,4.5
10917778,4.5,4.4,4.6,4.4,4.6,4.6
1204181,4.6,4.6,4.6,3.6,4.6,4.6
10125098,4.3,4.8,3.8,4.8,3.8,4.3
10263846,4.8,4.8,4.3,4.8,3.8,4.3
10666872,4.8,4.8,4.8,4.8,4.8,4.8
10072223,4.3,4.8,4.3,3.8,4.8,4.8
10788445,4.8,4.8,4.8,4.8,4.8,4.8
1204880,3.3,3.8,3.8,3.8,3.8,4.8
10823009,4.8,4.8,4.8,4.8,4.8,4.8
10304610,4.7,3.8,3.8,3.6,4.8,4.6
10047140,3.6,4.6,4.6,3.6,4.8,4.7
1204510,4.7,4.5,4.8,4.4,4.6,4.8
1210449,4.6,4.2,4.4,4.2,4.4,4.4
10043562,4.8,4.8,4.8,4.8,4.8,4.8
10816172,4.2,4.8,4.8,3.6,4.6,3.7
1201939,4.7,4.6,4.6,4.8,4.8,4.2
97953,3.6,4.1,2.9,3.6,3.6,2.9
10408803,4.8,3.8,3.8,4.6,4.6,3.6
10823224,4,4.6,3.6,2.6,4.6,4.6
1204070,4.6,4.2,4.6,4.6,4.6,4.1
10482818,4.5,4.5,4.4,4.4,4.6,4.6
10078046,3.6,3.7,4.6,3.6,3.6,3.8
10835226,4.6,4.6,4.6,4.6,4.6,4.6
10082346,3.7,3.9,3.7,4.2,3.4,4.2
10098648,3.4,4.4,4.4,4.4,4.4,4.4
10615482,4.7,4.7,4.4,4.6,4.8,4.6
1204223,4.1,4.8,4.8,4.8,4.6,4.8
10619061,3.6,4.6,3.9,3.6,3.6,4.6
11058992,4.1,4.8,4.1,4.6,4.6,4.8
11043645,4.8,4.8,3.6,4.6,3.8,4.6
10850038,4.1,4.7,4.6,4.4,4.6,4.7
10947405,3.4,3.4,3.4,3.2,3.4,3.3
10774644,4.5,4.6,4,3.6,4.6,4.6
10947407,3.1,2.8,2.6,2.6,2.6,2.6
1204413,4.8,4.8,4.8,4.8,4.8,4.8
10960559,4.7,4.6,4.6,4.6,4.8,4.7
1200591,4.1,4.6,3.6,3.6,3.6,4.6
10673451,3.5,4.6,3.6,4.6,2.6,3.6
10953373,4,3.6,3.5,4.4,3.6,4.6
10856706,3.9,4.5,4.4,4.4,4.6,4.6
1204070,4.5,4.6,4.6,4.4,4.6,4.6
11052174,3.4,4.4,4.4,4.6,4.6,4.6
11060205,4.3,4.8,4.8,4.8,4.8,4.8
10830525,4.3,4.8,4.8,4.8,4.8,4.8
10425417,4.8,4.6,4.8,4.6,4.8,4.8
10398038,4.8,4.8,4.8,4.8,4.8,4.8
1202925,3.8,4.8,4.8,4.8,4.8,4.8
10602413,4.3,4.8,4.8,4.8,4.8,4.8
10492639,4.8,4.3,4.8,3.8,4.8,4.8
11030057,4.8,4.8,4.8,4.8,4.8,4.8
11029289,3.8,4.8,3.8,3.8,3.8,4.8
11011971,4.3,4.8,4.8,4.8,4.8,4.8
10855664,2.8,4.3,3.3,3.8,3.8,4.3
185939,4.7,4.8,4.8,4.8,4.8,4.8
10835491,3.8,4.3,3.7,3.8,4.8,4.8
10462203,4.8,4.8,4.8,3.8,4.8,4.8
10498414,3.3,4.8,3.8,4.8,3.6,4.8
10167407,3.6,4.3,3.7,3.8,3.4,3.8
10102471,3.6,4,3.6,3.8,4.6,4.5
10076206,4.3,4.6,4.6,4.6,4.8,4.8
10921710,3.7,4.8,3.6,3.8,3.8,2.8
1201315,4.7,4.8,4.8,4.8,4.8,4.8
10414456,3.8,3.6,3.7,3.8,3.8,3.8
10414456,3.6,3.6,4.1,3.6,4.6,3.7
10743649,4.2,4.6,4.6,4.6,4.6,4.6
1203970,4.8,4.7,4.8,4.6,4.8,4.8
10337962,3.8,4.6,4.8,3.8,3.6,4.3
10441667,4.6,4.6,4.5,4.4,4.6,4.7
1204057,4.7,4.6,4.6,4.8,4.6,4.8
10906532,4.6,4.6,4.1,4.6,4.6,4.7
1204154,4.6,4.8,4.6,4.6,4.6,4.6
10257603,4.6,4.7,4.6,4.6,4.6,4.7
1204026,3.8,4.6,3.6,3.6,4.8,4.3
10600024,4.6,4.8,3.7,4.8,4.8,4.8
10201577,4.3,4.3,4.7,4.8,4.8,3.8
10869908,4.1,4.8,4.8,3.8,4.6,4.8
10406887,4.7,4.8,4.8,4.6,4.6,4.8
10600019,4.5,4.6,4.5,4.6,3.4,4.6
10995976,3.6,4.8,3.6,4.8,3.8,3.8
10889146,4.6,3.8,3.6,3.8,3.8,4.3
10364162,3.8,4.8,3.8,3.8,3.8,3.8
1204095,3.6,4.2,4.1,3.6,4.6,3.6
10679116,4.3,4.2,3.8,3.8,3.8,3.8
10898692,3.2,3.8,3.1,3.4,3.8,3.1
10580621,4.1,4.7,3.9,4.6,4.6,4.7
10754674,4.6,4.2,4.1,4.6,4.6,4.7
11030122,4.6,4.6,4.7,4.8,3.8,3.8
1204259,3.6,3.6,3.1,3.4,3.6,3.6
10607766,3.5,4.4,3.9,3.4,4.4,4.4
10837761,3.6,4.8,4.6,3.8,3.6,4.1
10205514,4.5,4.8,4.6,3.4,4.6,4.6
10502564,4.7,4.8,4.6,3.8,4.8,4.6
1290267,3.4,4.4,3.4,3.4,4.4,3.9
10277306,3.6,4.6,3.4,3.6,3.6,3.6
1201124,3.3,3.9,3.4,3.4,3.4,3.4
10956583,4.8,4.8,4.3,4.8,4.8,4.8
10350068,3.7,3.8,2.7,3.8,4.8,4.1
11011971,4.4,4.4,4.4,4.4,4.4,4.4
1210113,4.6,4.6,4.6,4.6,3.6,4.6
1201458,4.8,4.7,4.7,4.6,4.6,4.7
1204115,3.6,3.7,4.3,3.6,4.8,4.7
1206334,4.6,4.8,4.1,4.8,4.8,4.7
10374455,4.8,4.8,4.8,4.8,4.8,4.8
10292082,4.6,4.3,4.6,4.6,4.8,4.8
10499512,4.1,3.9,4.6,4.4,3.6,4.6
10106333,4.6,4.8,4.7,4.8,4.8,4.8
10543460,4.1,4.7,4.6,4.6,4.6,4.6
11027197,4.6,4.8,3.6,3.8,4.8,4.8
1205436,4.6,4.6,4.6,4.6,4.6,4.6
1206218,3.7,3.8,3.8,4.8,4.8,3.8
10502145,4.8,4.6,4.7,4.8,4.8,4.8
1204601,4.6,4.6,4.6,4.8,4.8,4.8
10720040,4.6,4.8,4.8,4.6,4.6,4.8
10205515,4.6,4.6,4.6,4.8,4.8,4.8
1200758,4.1,4.6,4.6,4.8,4.6,4.8
10205570,4.8,4.1,4.1,4.8,3.6,4.8
11041668,3.8,4.2,3.6,3.6,3.8,3.8
10956583,3.6,3.8,3.6,3.6,3.8,3.6
1723,4.7,4.7,4.6,4.6,4.8,4.8
1210138,4.1,4.7,4.6,4.8,4.6,3.8
10720513,4.7,4.7,4.4,4.6,4.8,4.6
1204151,4.1,4.6,4.6,3.6,3.8,3.8
10155952,4.6,4.8,4.6,3.6,4.8,4.2
1204490,3.6,3.6,3.6,3.6,4.6,3.6
10765302,4.4,4.6,4.6,4.6,4.8,4.8
10465276,3.7,3.6,3.6,3.6,3.8,3.8
10543458,4.6,4.3,4.6,3.8,4.6,4.1
10645712,4.7,4.6,3.6,4.6,4.6,3.8
10366369,3.4,3.6,3,2.4,3.4,3.6
10806837,2.9,3.6,3,3.4,3.4,3.5
10360752,4.4,4.6,4.4,4.4,4.4,3.9
10901042,3,2.5,2.9,1.4,2.4,3
10956583,3.5,3.6,3.9,3.4,3.6,3.6
10998695,4.6,4.1,3.9,3.4,3.6,3.6
10475408,4.3,4.6,4.5,4.6,3.2,4.6
1204132,3.6,4.1,3.6,3.6,3.6,3.8
10341591,4.8,4.8,4.8,4.8,4.8,4.8
10172176,4.3,4.8,3.8,2.8,3.8,4.3
10255468,4.6,4.8,4.8,4.8,4.8,4.8
10132462,4.8,4.8,4.8,3.8,4.8,4.8
10602131,4.3,4.3,3.8,4.8,4.8,4.3
1204084,4.6,4.6,4.6,4.6,4.6,4.6
1202413,4.6,4.6,4.5,4.6,4.6,4.6
10937977,4.7,4.8,4.8,4.8,4.8,4.8
1202376,4.6,4.7,4.2,4.8,3.6,4.8
10135664,4.1,4.6,4.6,4.6,4.6,4.6
10733001,4.1,4.6,4.6,4.6,4.6,4.6
1201579,4.8,4.7,4.8,4.8,4.8,4.8
10343983,3.6,3.8,3.6,3.6,3.4,3.6
10465966,3.8,3.8,3.7,4.8,4.8,3.8
10428928,3.8,3.8,3.3,3.8,3.8,2.8
1201288,4,4.7,4.6,3.6,4.4,4.4
10027684,4.6,4.7,4.1,4.6,4.8,4.6
10092418,4.6,4.6,4.6,4.6,4.6,4.6
10131083,4.6,4.6,4.6,4.6,4.6,4.6
10061740,3.7,4.8,4.6,4.6,4.8,4.6
1204523,3.6,3.6,3.6,3.6,4.6,4.6
10969714,3.8,4.1,3.7,2.6,3.8,3.6
10048750,3.9,4.4,4.4,4.4,4.4,3.4
10452518,4.1,3.4,3.5,4.4,3.8,4.1
10159947,4.1,3.4,4,4.6,4.6,4.6
10593503,4.6,4.7,4.8,4.8,4.8,4.8
10500112,4.6,4.1,4.4,4.6,4.4,4.6
10734181,4.5,4.4,4.5,3.6,4.8,4.4
1204077,3.6,4.6,4.6,4.6,4.6,4.6
11028226,4.6,3.6,3.6,4.6,3.6,4.1
10243042,3.6,4.6,4.6,3.6,3.6,3.6
1204225,4.6,4.6,3.6,4.6,4.6,4.6
10515927,3.6,4.6,4.6,4.6,4.6,4.6
10275359,3.6,3.6,4.6,4.6,4.6,4.6
1205845,4.4,4.6,4.5,4.4,4.6,4.6
10130990,3.6,4.1,3.6,3.6,3.8,3.8
10196621,4.8,4.1,4.5,3.6,4.6,4.6
10761537,3.8,4.3,3.6,4.8,4.8,3.7
1204455,4.6,4.7,4.6,4.6,4.8,4.7
10289452,4.5,4.3,4.2,4.6,4.6,4.8
1201667,4.3,4.3,3.8,4.8,3.8,4.3
10515910,4.3,4.8,4.8,4.8,4.8,4.8
11012479,3.5,3.5,3,4,4,3
10576760,4,4,4,4,4,4
10708680,3,4,3.5,4,3,3
10924216,3,3,3,3,4,3
11051275,3.5,4,4,4,4,4
10403973,3.5,3,3,3,4,3.5
10117810,4,4,4,4,4,4
10354350,3,4,3,3,3,3
10806933,4,4,4,4,4,3
10057548,4,4,4,4,4,4
1204082,3.5,4,3,3,4,4
10445041,4,4,4,3,4,4
10449226,3,3,2.5,3,3,3.5
10462203,4,4,4,3,3,4
1204131,4,4,4,4,4,4
1203797,4,4,4,4,4,4
10379512,4,4,4,4,4,4
1202426,3.5,3,3,3,4,4
10406887,3,4,4,3,4,3.5
10423221,3.5,4,3,4,3,3.5
1202375,4,4,4,4,4,4
10847721,4,4,4,4,4,4
1204068,3,4,3.5,3,4,3.5
10082672,4,4,4,4,4,4
10117901,4,4,3,3,3,3.5
10979225,3.5,4,2,4,3,4
10029640,4,4,4,3,4,4
11030207,4,4,4,4,4,4
11069473,4,4,4,4,4,4
10387526,3,4,3.5,4,3,4
10275897,3.5,4,4,4,4,4
1204338,4,4,4,4,4,4
10979225,4,4,2,4,4,4
11071080,3,4,3,3,3,3
10555705,3,3.5,2,3,2,3
10826365,2,3,3,3,3,2.5
10768943,4,4,3,3,4,3
10776372,3,3.5,4,4,3,3
10753593,4,4,4,4,4,4
10788078,3,4,3,3,4,4
10930592,3,3,3,3,3,3
10082672,4,4,4,4,4,4
10230058,3.5,4,2.5,3,3,4
563065,3.5,4,4,3,4,4
1204053,3.5,4,4,4,4,4
10779230,4,4,3.5,3,4,3
10924868,4,4,3.5,4,4,3.5
11020300,3,4,4,4,4,4
1205423,3,4,3,4,4,3
10708457,4,4,4,4,4,4
10652068,3,4,3,4,4,4
10887879,3,4,3.5,3,4,3
1205416,3.5,3.5,3,2,3,3.5
10849319,4,4,4,4,4,4
10385659,3,4,4,4,4,4
10823247,4,4,4,4,4,3.5
1201041,3,3.5,3,2,4,3
10082572,3,3.5,3.5,3,3,3
10291302,4,4,4,3,3,3
10979226,3.5,4,4,3,4,3
1204114,4,3.5,3.5,3,4,4
10835211,3,3.5,4,3,4,3
10139783,4,4,4,4,4,4
1204134,4,4,3.5,3,3,4
1204509,4,4,4,4,4,4
10985815,3.5,4,4,4,3,4
1200963,3.5,4,4,4,3,4
10948009,3,4,3,4,3,4
10051512,3,3,3,3,3,3
10152248,3,4,3,3,3,3
10823248,4,4,4,4,4,4
10797757,3,4,3.5,3,3,3
10773490,4,4,4,4,4,4
10046999,3.5,3.5,3,3,3,4
1202566,3.5,4,4,4,4,4
1202597,4,4,3.5,4,3,3
10420123,3,4,3,3,4,3.5
10948008,4,4,3.5,3,4,4
1206204,4,4,4,4,4,4
10866434,4,4,4,4,4,4
10278637,4,3.5,3,3,4,3
10708480,3.5,4,4,4,4,4
10654780,3.5,4,4,4,4,4
10050899,3.5,4,4,3,4,3
10933851,3,4,3,4,4,4
10302251,2.5,3,3,3,3,3
10812854,4,4,4,4,4,4
10783065,3,4,3,3,4,3
10982372,4,4,4,4,4,4
10221716,4,4,3.5,3,3,4
1203798,4,4,4,4,4,4
11042680,2.5,3,2.5,3,3,2
1203798,4,4,4,4,4,4
1203961,4,4,4,4,4,4
1206099,3.5,4,4,4,4,3
10948008,3.5,4,3.5,3,4,4
11032794,3,4,3.5,4,3,3.5
10764375,3.5,4,4,4,4,4
10238028,3,3,3,3,3,3
1202389,4,4,4,4,4,4
10101472,4,4,4,4,4,4
1202633,4,4,4,4,4,4
10184900,4,4,4,4,4,4
10504058,4,4,4,4,4,4
10682947,3,4,3,4,3,2.5
10438151,3,4,4,4,4,4
1204438,4,4,4,4,4,4
10121030,3,4,4,4,4,3
10654780,3,4,4,4,3,4
11053005,3,3,3,3,3,3
10029640,4,4,4,4,4,4
1206091,4,4,4,4,4,4
10933826,3.5,4,4,4,4,3.5
10749550,4,4,3.5,3,4,4
1210122,3.5,4,4,4,4,4
10933854,4,3,3,3,3,3
10937977,4,4,4,4,4,4
10694033,3,3.5,3,3,4,3
11014969,3,3.5,3,3,4,3
10933851,4,4,4,4,4,4
